,V1
MonthDay|BREAKFAST FOODS_Ticket_Size,1
MonthDay|COMMERCIAL BKRY_Ticket_Size,1
MonthDay|COOKING OIL_Ticket_Size,1
MonthDay|DELI.LUNCH SNACKS_Ticket_Size,1
MonthDay|DELI FRUIT DRINKS . PUNCHES_Basket_Size,1
Month|BEANS.CANNED_Ticket_Size,1
Month|CANDY_Basket_Size,1
Month|CONDIMENTS_Evening,1
Month|DELI HISPANIC CHEESE_Ticket_Size,1
Month|DETERGENT_Ticket_Size,1
Month|FLOUR_Ticket_Size,1
Month|GM.LAUNDRY MISC_Ticket_Size,1
Month|PEANUT BUTTER_Ticket_Size,1
Month|SUGAR_Ticket_Size,1
Month|TORTILLERIA.TORTILLERIA_Ticket_Size,1
Year|Asian.Products_Sale_Net_Value,1
Year|BEVERAGE_Ticket_Size,1
Year|CHOCOLATE_Basket_Size,1
Year|CHOCOLATE_Ticket_Size,1
Year|COMMERCIAL BKRY_Ticket_Size,1
Year|FOILS.WRAPS.BAGS_Ticket_Size,1
Year|PORK SKINS_Ticket_Size,1
Year|SALTY SNACKS_Ticket_Size,1
Year|SERVICE DELI MAJOR CAT_Basket_Size,1
Year|SPICES.SEASONING_Ticket_Size,1
Year|SPORT DRINKS_Ticket_Size,1
Year|UTENSILS_Ticket_Size,1
Year|local_Festival_2015,1
Spd.Morning|Spd.Evening,1
Spd.Morning|Spd.Night,1
Spd.Morning|Temp.Afternoon,1
Spd.Afternoon|Spd.Night,1
Spd.Afternoon|Temp.Morning,1
Spd.Afternoon|Pcp.Afternoon,1
Spd.Evening|Spd.Afternoon,1
Spd.Evening|SPICES.SEASONING_Ticket_Size,1
Spd.Evening|TEA_Evening,1
Spd.Night|PLATES_Ticket_Size,1
Temp.Morning|Temp.Afternoon,1
Temp.Afternoon|Pcp.Night,1
Temp.Evening|Temp.Afternoon,1
Temp.Evening|BEER_Night,1
Temp.Evening|ICE CREAM_Night,1
Temp.Night|Temp.Morning,1
Temp.Night|Temp.Afternoon,1
Temp.Night|Temp.Evening,1
Pcp.Morning|Pcp.Afternoon,1
Pcp.Morning|Pcp.Night,1
Pcp.Morning|BAKERY DISCONTINUED_Sale_Total_Qty,1
Pcp.Morning|FLORAL . MAJOR CAT_Basket_Size,1
Pcp.Afternoon|Pcp.Evening,1
Pcp.Afternoon|Pcp.Night,1
Pcp.Afternoon|BAKERY DISCONTINUED_Sale_Net_Value,1
Pcp.Evening|GM.KITCHEN MISC_Ticket_Size,1
Pcp.Night|HOMINY_Afternoon,1
Asian.Products_Sale_Total_Qty|Asian.Products_Trans_Count,1
Asian.Products_Trans_Count|Asian.Products_Sale_Total_Qty,1
Asian.Products_Trans_Count|Asian.Products_Sale_Net_Value,1
Asian.Products_Trans_Count|Asian.Products_Afternoon,1
Asian.Products_Basket_Size|Asian.Products_Ticket_Size,1
Asian.Products_Basket_Size|DELI.CHORIZO_Basket_Size,1
Asian.Products_Ticket_Size|BEANS.CANNED_Ticket_Size,1
Asian.Products_Ticket_Size|DELI COFFEE ENHANCERS_Ticket_Size,1
Asian.Products_Ticket_Size|ICE CREAM_Ticket_Size,1
Asian.Products_Morning|Asian.Products_Afternoon,1
Asian.Products_Morning|Asian.Products_Night,1
Asian.Products_Morning|CEREAL_Ticket_Size,1
Asian.Products_Afternoon|Asian.Products_Night,1
Asian.Products_Evening|Asian.Products_Morning,1
Asian.Products_Evening|Asian.Products_Afternoon,1
Asian.Products_Night|DELI JUICE_Night,1
Asian.Products_Night|MEAT BEEF_Ticket_Size,1
Asian.Products_Night|SALTY SNACKS_Night,1
Asian.Products_Night|SERVICE DELI MAJOR CAT_Basket_Size,1
Special.day.2015|DELI MARGARINE_Morning,1
Special.day.2015|MEAT.CANNED_Basket_Size,1
Special.day.2015|local_Festival_2015,1
Special.day.2016|COOKIES_Basket_Size,1
Special.day.2016|DELI MEATS_Basket_Size,1
Special.day.2016|SEAFOOD_Ticket_Size,1
Is.Weekend|DETERGENT_Morning,1
Is.Weekend|HBC.HAIR CARE_Afternoon,1
Is.Weekend|NECTARS_Afternoon,1
Is.Weekend|PAPER TOWELS_Afternoon,1
Is.Weekend|SERVICE DELI.MAJOR CATEGORY_Morning,1
Is.Friday|BEER_Basket_Size,1
Is.Friday|BEER_Evening,1
Is.Friday|MEAT PORK_Basket_Size,1
Is.Friday|MILK_Ticket_Size,1
Is.Friday|UTENSILS_Basket_Size,1
BABY FOOD.FORMULA_Sale_Total_Qty|BABY FOOD.FORMULA_Trans_Count,1
BABY FOOD.FORMULA_Sale_Total_Qty|BABY FOOD.FORMULA_Sale_Net_Value,1
BABY FOOD.FORMULA_Trans_Count|BABY FOOD.FORMULA_Morning,1
BABY FOOD.FORMULA_Basket_Size|BABY FOOD.FORMULA_Ticket_Size,1
BABY FOOD.FORMULA_Sale_Net_Value|BABY FOOD.FORMULA_Trans_Count,1
BABY FOOD.FORMULA_Ticket_Size|BABY FOOD.FORMULA_Trans_Count,1
BABY FOOD.FORMULA_Ticket_Size|BABY FOOD.FORMULA_Basket_Size,1
BABY FOOD.FORMULA_Ticket_Size|BABY FOOD.FORMULA_Sale_Net_Value,1
BABY FOOD.FORMULA_Morning|GM.LAUNDRY MISC_Basket_Size,1
BABY FOOD.FORMULA_Afternoon|BABY FOOD.FORMULA_Trans_Count,1
BABY FOOD.FORMULA_Evening|PEANUT BUTTER_Evening,1
BABY FOOD.FORMULA_Night|DELI MILK ALTERNATIVES_Night,1
BAKERY DISCONTINUED_Sale_Total_Qty|BAKERY DISCONTINUED_Trans_Count,1
BAKERY DISCONTINUED_Sale_Total_Qty|BAKERY DISCONTINUED_Basket_Size,1
BAKERY DISCONTINUED_Sale_Total_Qty|DELI YOGURT.GELATIN_Afternoon,1
BAKERY DISCONTINUED_Trans_Count|BAKERY DISCONTINUED_Sale_Net_Value,1
BAKERY DISCONTINUED_Trans_Count|BAKERY DISCONTINUED_Afternoon,1
BAKERY DISCONTINUED_Trans_Count|BAKERY DISCONTINUED_Evening,1
BAKERY DISCONTINUED_Basket_Size|ICE CREAM_Ticket_Size,1
BAKERY DISCONTINUED_Ticket_Size|BAKERY DISCONTINUED_Sale_Net_Value,1
BAKERY DISCONTINUED_Morning|DELI BACON_Morning,1
BAKERY DISCONTINUED_Morning|DELI COFFEE ENHANCERS_Morning,1
BAKERY DISCONTINUED_Morning|FROZEN BURRITOS_Morning,1
BAKERY DISCONTINUED_Morning|MILK_Morning,1
BAKERY DISCONTINUED_Morning|SERVICE DELI MAJOR CAT_Morning,1
BAKERY DISCONTINUED_Morning|TORTILLERIA.TORTILLERIA_Morning,1
BAKERY DISCONTINUED_Afternoon|BAKERY DISCONTINUED_Sale_Net_Value,1
BAKERY DISCONTINUED_Afternoon|CANDY_Afternoon,1
BAKERY DISCONTINUED_Afternoon|MILK_Afternoon,1
BAKERY DISCONTINUED_Evening|CANDY_Evening,1
BAKERY DISCONTINUED_Evening|COFFEE_Evening,1
BAKERY DISCONTINUED_Evening|DELI MILK ALTERNATIVES_Ticket_Size,1
BAKERY DISCONTINUED_Night|CANDY_Night,1
BAKERY DISCONTINUED_Night|COFFEE_Night,1
BAKERY DISCONTINUED_Night|DELI HISPANIC CHEESE_Night,1
BAKERY DISCONTINUED_Night|MEAT CHEESE. CREAM. ATES. AND HAM   _Night,1
BAKERY DISCONTINUED_Night|TORTILLERIA.TORTILLERIA_Night,1
BAKING PRODUCTS_Sale_Total_Qty|BAKING PRODUCTS_Trans_Count,1
BAKING PRODUCTS_Sale_Total_Qty|BAKING PRODUCTS_Sale_Net_Value,1
BAKING PRODUCTS_Trans_Count|BAKING PRODUCTS_Sale_Total_Qty,1
BAKING PRODUCTS_Trans_Count|BAKING PRODUCTS_Morning,1
BAKING PRODUCTS_Trans_Count|BAKING PRODUCTS_Afternoon,1
BAKING PRODUCTS_Basket_Size|BAKING PRODUCTS_Ticket_Size,1
BAKING PRODUCTS_Basket_Size|SALT_Ticket_Size,1
BAKING PRODUCTS_Sale_Net_Value|BAKING PRODUCTS_Ticket_Size,1
BAKING PRODUCTS_Sale_Net_Value|TORTILLERIA.TORTILLERIA_Sale_Total_Qty,1
BAKING PRODUCTS_Morning|BAKING PRODUCTS_Afternoon,1
BAKING PRODUCTS_Morning|DELI MARGARINE_Morning,1
BAKING PRODUCTS_Morning|SPICES.SEASONING_Morning,1
BAKING PRODUCTS_Afternoon|BAKING PRODUCTS_Evening,1
BAKING PRODUCTS_Evening|DELI MARGARINE_Evening,1
BAKING PRODUCTS_Evening|SPICES.SEASONING_Evening,1
BAKING PRODUCTS_Night|DELI MARGARINE_Night,1
BAKING PRODUCTS_Night|FRUIT_Night,1
BAKING PRODUCTS_Night|GM.KITCHEN MISC_Night,1
BAKING PRODUCTS_Night|SPICES.SEASONING_Night,1
BEANS.CANNED_Sale_Total_Qty|BEANS.CANNED_Trans_Count,1
BEANS.CANNED_Sale_Total_Qty|BEANS.CANNED_Sale_Net_Value,1
BEANS.CANNED_Trans_Count|BEANS.CANNED_Sale_Total_Qty,1
BEANS.CANNED_Trans_Count|BEANS.CANNED_Evening,1
BEANS.CANNED_Basket_Size|BEANS.CANNED_Ticket_Size,1
BEANS.CANNED_Basket_Size|BLEACH_Basket_Size,1
BEANS.CANNED_Basket_Size|FLORAL . MAJOR CAT_Night,1
BEANS.CANNED_Sale_Net_Value|BEANS.CANNED_Sale_Total_Qty,1
BEANS.CANNED_Ticket_Size|COOKING OIL_Ticket_Size,1
BEANS.CANNED_Ticket_Size|SPORT DRINKS_Ticket_Size,1
BEANS.CANNED_Morning|CEREAL_Morning,1
BEANS.CANNED_Morning|DELI.WIENERS . FRANKS_Morning,1
BEANS.CANNED_Morning|HBC.HAIR CARE_Sale_Net_Value,1
BEANS.CANNED_Morning|MEAT.CANNED_Morning,1
BEANS.CANNED_Morning|SALTY SNACKS_Morning,1
BEANS.CANNED_Afternoon|CANDLES_Afternoon,1
BEANS.CANNED_Afternoon|COOKIES_Afternoon,1
BEANS.CANNED_Evening|DETERGENT.LAUNDRY_Evening,1
BEANS.CANNED_Evening|FLOUR_Evening,1
BEANS.CANNED_Evening|FOILS.WRAPS.BAGS_Evening,1
BEANS.CANNED_Evening|MEAT.CANNED_Evening,1
BEANS.CANNED_Night|MEAT.CANNED_Night,1
BEANS.CANNED_Night|PAPER TOWELS_Night,1
BEANS.CANNED_Night|RICE_Night,1
BEANS.CANNED_Night|TOMATOES_Night,1
BEANS.DRY_Sale_Total_Qty|BEANS.DRY_Basket_Size,1
BEANS.DRY_Trans_Count|BEANS.DRY_Sale_Total_Qty,1
BEANS.DRY_Trans_Count|BEANS.DRY_Ticket_Size,1
BEANS.DRY_Basket_Size|BEANS.DRY_Ticket_Size,1
BEANS.DRY_Sale_Net_Value|BEANS.DRY_Ticket_Size,1
BEANS.DRY_Sale_Net_Value|BREAKFAST FOODS_Afternoon,1
BEANS.DRY_Afternoon|RICE_Afternoon,1
BEANS.DRY_Evening|JAMS.JELLIES_Evening,1
BEANS.DRY_Night|MILK_Night,1
BEANS.DRY_Night|RICE_Night,1
BEER_Sale_Total_Qty|BEER_Trans_Count,1
BEER_Trans_Count|BEER_Sale_Total_Qty,1
BEER_Basket_Size|BEER_Ticket_Size,1
BEER_Sale_Net_Value|BEER_Ticket_Size,1
BEER_Sale_Net_Value|PLATES_Sale_Net_Value,1
BEER_Sale_Net_Value|SEAFOOD_Ticket_Size,1
BEER_Ticket_Size|CRV.CRV_Ticket_Size,1
BEER_Ticket_Size|MEAT BEEF_Basket_Size,1
BEER_Morning|CRV.CRV_Morning,1
BEER_Morning|FROZEN BURRITOS_Morning,1
BEER_Morning|PAPER TOWELS_Morning,1
BEER_Morning|SERVICE DELI.MAJOR CATEGORY_Sale_Net_Value,1
BEER_Afternoon|Is.Weekend,1
BEER_Afternoon|CRV.CRV_Afternoon,1
BEER_Evening|BEER_Night,1
BEER_Evening|FROZEN ICE_Evening,1
BEER_Night|CANDY_Night,1
BEER_Night|FROZEN ICE_Night,1
BEER_Night|PLATES_Ticket_Size,1
BEER_Night|PLATES_Night,1
BEVERAGE_Sale_Total_Qty|BEVERAGE_Trans_Count,1
BEVERAGE_Trans_Count|BEVERAGE_Sale_Total_Qty,1
BEVERAGE_Trans_Count|BEVERAGE_Morning,1
BEVERAGE_Trans_Count|BEVERAGE_Afternoon,1
BEVERAGE_Trans_Count|BEVERAGE_Evening,1
BEVERAGE_Trans_Count|CRV.CRV_Trans_Count,1
BEVERAGE_Basket_Size|BEVERAGE_Ticket_Size,1
BEVERAGE_Basket_Size|CRV.CRV_Basket_Size,1
BEVERAGE_Basket_Size|CUPS_Basket_Size,1
BEVERAGE_Basket_Size|DELI MEATS_Basket_Size,1
BEVERAGE_Sale_Net_Value|BEVERAGE_Ticket_Size,1
BEVERAGE_Ticket_Size|CRV.CRV_Ticket_Size,1
BEVERAGE_Morning|CRV.CRV_Morning,1
BEVERAGE_Morning|NECTARS_Morning,1
BEVERAGE_Morning|SPORT DRINKS_Morning,1
BEVERAGE_Morning|WATER_Morning,1
BEVERAGE_Afternoon|CRV.CRV_Afternoon,1
BEVERAGE_Afternoon|SALTY SNACKS_Afternoon,1
BEVERAGE_Evening|CRV.CRV_Evening,1
BEVERAGE_Evening|JUICE_Evening,1
BEVERAGE_Evening|WATER_Evening,1
BEVERAGE_Night|CRV.CRV_Night,1
BEVERAGE_Night|JUICE_Night,1
BLEACH_Sale_Total_Qty|BLEACH_Basket_Size,1
BLEACH_Trans_Count|BLEACH_Sale_Total_Qty,1
BLEACH_Trans_Count|BLEACH_Morning,1
BLEACH_Trans_Count|BLEACH_Afternoon,1
BLEACH_Basket_Size|BLEACH_Ticket_Size,1
BLEACH_Basket_Size|CLEANER.WAX.POLISH_Basket_Size,1
BLEACH_Basket_Size|DELI.LUNCH SNACKS_Basket_Size,1
BLEACH_Basket_Size|NAPKINS_Basket_Size,1
BLEACH_Basket_Size|PASTA_Basket_Size,1
BLEACH_Sale_Net_Value|BLEACH_Ticket_Size,1
BLEACH_Ticket_Size|CONDIMENTS_Night,1
BLEACH_Ticket_Size|DELI COFFEE ENHANCERS_Ticket_Size,1
BLEACH_Morning|BLEACH_Afternoon,1
BLEACH_Morning|CLEANER.WAX.POLISH_Morning,1
BLEACH_Morning|DETERGENT_Morning,1
BLEACH_Afternoon|BLEACH_Evening,1
BLEACH_Afternoon|CLEANER.WAX.POLISH_Afternoon,1
BLEACH_Afternoon|DETERGENT_Afternoon,1
BLEACH_Evening|CLEANER.WAX.POLISH_Evening,1
BLEACH_Evening|DETERGENT_Evening,1
BLEACH_Evening|FABRIC SOFTENERS_Evening,1
BLEACH_Night|DETERGENT DISH_Night,1
BLEACH_Night|DETERGENT_Night,1
BLEACH_Night|NAPKINS_Night,1
BOULLION_Sale_Total_Qty|BOULLION_Trans_Count,1
BOULLION_Sale_Total_Qty|BOULLION_Sale_Net_Value,1
BOULLION_Trans_Count|BOULLION_Sale_Total_Qty,1
BOULLION_Trans_Count|BOULLION_Morning,1
BOULLION_Basket_Size|BOULLION_Ticket_Size,1
BOULLION_Sale_Net_Value|BOULLION_Ticket_Size,1
BOULLION_Ticket_Size|RICE_Ticket_Size,1
BOULLION_Morning|PASTA_Morning,1
BOULLION_Morning|RICE_Morning,1
BOULLION_Morning|SAUCE_Morning,1
BOULLION_Morning|SPICES.SEASONING_Morning,1
BOULLION_Afternoon|RICE_Afternoon,1
BOULLION_Afternoon|SPICES.SEASONING_Afternoon,1
BOULLION_Afternoon|TOMATOES_Afternoon,1
BOULLION_Evening|DELI MEATS_Evening,1
BOULLION_Evening|RICE_Evening,1
BOULLION_Evening|SALT_Evening,1
BOULLION_Evening|SUGAR_Evening,1
BOULLION_Night|COOKING OIL_Night,1
BOULLION_Night|DRINK ASEPTIC_Basket_Size,1
BOULLION_Night|PASTA_Night,1
BOULLION_Night|RICE_Night,1
BOULLION_Night|VEGETABLES_Night,1
BREAKFAST FOODS_Sale_Total_Qty|BREAKFAST FOODS_Trans_Count,1
BREAKFAST FOODS_Sale_Total_Qty|BREAKFAST FOODS_Sale_Net_Value,1
BREAKFAST FOODS_Trans_Count|BREAKFAST FOODS_Sale_Total_Qty,1
BREAKFAST FOODS_Basket_Size|BREAKFAST FOODS_Ticket_Size,1
BREAKFAST FOODS_Basket_Size|DELI MARGARINE_Morning,1
BREAKFAST FOODS_Basket_Size|GM.LAUNDRY MISC_Basket_Size,1
BREAKFAST FOODS_Sale_Net_Value|BREAKFAST FOODS_Sale_Total_Qty,1
BREAKFAST FOODS_Ticket_Size|MAYONNAISE . SPREADS_Ticket_Size,1
BREAKFAST FOODS_Morning|BREAKFAST FOODS_Night,1
BREAKFAST FOODS_Morning|COMMERCIAL BKRY_Morning,1
BREAKFAST FOODS_Afternoon|BREAKFAST FOODS_Evening,1
BREAKFAST FOODS_Afternoon|CEREAL_Afternoon,1
BREAKFAST FOODS_Afternoon|DELI YOGURT.GELATIN_Afternoon,1
BREAKFAST FOODS_Evening|BREAKFAST FOODS_Night,1
BREAKFAST FOODS_Evening|DRINK ASEPTIC_Evening,1
BREAKFAST FOODS_Night|DELI.LUNCH SNACKS_Night,1
BREAKFAST FOODS_Night|DRINK ASEPTIC_Night,1
CANDLES_Sale_Total_Qty|CANDLES_Trans_Count,1
CANDLES_Sale_Total_Qty|CANDLES_Sale_Net_Value,1
CANDLES_Sale_Total_Qty|CANDLES_Morning,1
CANDLES_Trans_Count|CANDLES_Sale_Total_Qty,1
CANDLES_Trans_Count|CANDLES_Evening,1
CANDLES_Basket_Size|SPORT DRINKS_Ticket_Size,1
CANDLES_Sale_Net_Value|CANDLES_Sale_Total_Qty,1
CANDLES_Ticket_Size|CANDLES_Basket_Size,1
CANDLES_Morning|CANDLES_Afternoon,1
CANDLES_Morning|CANDLES_Evening,1
CANDLES_Afternoon|CANDLES_Evening,1
CANDLES_Evening|CANDLES_Night,1
CANDLES_Night|CANDY_Night,1
CANDLES_Night|DELI COFFEE ENHANCERS_Night,1
CANDLES_Night|FLORAL . MAJOR CAT_Night,1
CANDY_Sale_Total_Qty|CANDY_Basket_Size,1
CANDY_Trans_Count|CANDY_Sale_Total_Qty,1
CANDY_Trans_Count|CANDY_Sale_Net_Value,1
CANDY_Trans_Count|CANDY_Morning,1
CANDY_Trans_Count|CANDY_Afternoon,1
CANDY_Basket_Size|CANDY_Ticket_Size,1
CANDY_Basket_Size|DELI CHEESE_Basket_Size,1
CANDY_Basket_Size|FRUIT_Ticket_Size,1
CANDY_Basket_Size|PASTA_Basket_Size,1
CANDY_Basket_Size|TOMATOES_Basket_Size,1
CANDY_Sale_Net_Value|CANDY_Ticket_Size,1
CANDY_Ticket_Size|PEPPERS.CANNED_Ticket_Size,1
CANDY_Ticket_Size|VEGETABLES_Basket_Size,1
CANDY_Morning|SALTY SNACKS_Morning,1
CANDY_Morning|SNACKS_Morning,1
CANDY_Afternoon|SALTY SNACKS_Afternoon,1
CANDY_Afternoon|SNACKS_Afternoon,1
CANDY_Evening|DAIRY.DELI_Evening,1
CANDY_Evening|SNACKS_Evening,1
CANDY_Evening|TORTILLERIA.TORTILLERIA_Evening,1
CANDY_Night|GELATIN_Night,1
CANDY_Night|MILK_Night,1
CANDY_Night|SALTY SNACKS_Night,1
CANDY_Night|SPICES.SEASONING_Ticket_Size,1
CEREAL_Sale_Total_Qty|CEREAL_Trans_Count,1
CEREAL_Sale_Total_Qty|CEREAL_Sale_Net_Value,1
CEREAL_Trans_Count|CEREAL_Sale_Total_Qty,1
CEREAL_Trans_Count|CEREAL_Evening,1
CEREAL_Trans_Count|DELI MEATS_Evening,1
CEREAL_Basket_Size|CEREAL_Ticket_Size,1
CEREAL_Basket_Size|DELI FRUIT DRINKS . PUNCHES_Basket_Size,1
CEREAL_Ticket_Size|COOKING OIL_Ticket_Size,1
CEREAL_Morning|COMMERCIAL BKRY_Morning,1
CEREAL_Morning|DELI MEATS_Morning,1
CEREAL_Morning|MILK_Morning,1
CEREAL_Morning|PEANUT BUTTER_Morning,1
CEREAL_Afternoon|CEREAL_Evening,1
CEREAL_Afternoon|COMMERCIAL BKRY_Afternoon,1
CEREAL_Afternoon|MILK_Afternoon,1
CEREAL_Evening|COMMERCIAL BKRY_Evening,1
CEREAL_Evening|MILK_Evening,1
CEREAL_Evening|PEANUT BUTTER_Evening,1
CEREAL_Night|COMMERCIAL BKRY_Night,1
CEREAL_Night|DELI CHEESE_Night,1
CEREAL_Night|DELI YOGURT.GELATIN_Night,1
CEREAL_Night|JAMS.JELLIES_Night,1
CEREAL_Night|MEAT PORK_Night,1
CEREAL_Night|MILK_Night,1
CEREAL_Night|PEANUT BUTTER_Night,1
CEREAL_Night|RAMEN_Night,1
CHOCOLATE_Sale_Total_Qty|CHOCOLATE_Basket_Size,1
CHOCOLATE_Trans_Count|CHOCOLATE_Evening,1
CHOCOLATE_Trans_Count|CHOCOLATE_Night,1
CHOCOLATE_Basket_Size|COOKING SAUCE_Ticket_Size,1
CHOCOLATE_Basket_Size|DELI JUICE_Basket_Size,1
CHOCOLATE_Sale_Net_Value|SPICES.SEASONING_Ticket_Size,1
CHOCOLATE_Ticket_Size|NAPKINS_Ticket_Size,1
CHOCOLATE_Morning|CHOCOLATE_Trans_Count,1
CHOCOLATE_Morning|CHOCOLATE_Evening,1
CHOCOLATE_Afternoon|CHOCOLATE_Trans_Count,1
CHOCOLATE_Afternoon|CHOCOLATE_Night,1
CHOCOLATE_Evening|HOMINY_Evening,1
CHOCOLATE_Evening|MILK_Evening,1
CHOCOLATE_Night|SERVICE DELI.MAJOR CATEGORY_Basket_Size,1
CLEANER.WAX.POLISH_Sale_Total_Qty|CLEANER.WAX.POLISH_Trans_Count,1
CLEANER.WAX.POLISH_Trans_Count|CLEANER.WAX.POLISH_Sale_Total_Qty,1
CLEANER.WAX.POLISH_Trans_Count|CLEANER.WAX.POLISH_Sale_Net_Value,1
CLEANER.WAX.POLISH_Basket_Size|CLEANER.WAX.POLISH_Ticket_Size,1
CLEANER.WAX.POLISH_Basket_Size|RICE_Basket_Size,1
CLEANER.WAX.POLISH_Basket_Size|TEA_Basket_Size,1
CLEANER.WAX.POLISH_Sale_Net_Value|CLEANER.WAX.POLISH_Ticket_Size,1
CLEANER.WAX.POLISH_Morning|CLEANER.WAX.POLISH_Afternoon,1
CLEANER.WAX.POLISH_Morning|GM.LAUNDRY MISC_Morning,1
CLEANER.WAX.POLISH_Afternoon|DELI.WIENERS . FRANKS_Afternoon,1
CLEANER.WAX.POLISH_Afternoon|DETERGENT DISH_Afternoon,1
CLEANER.WAX.POLISH_Afternoon|GM.LAUNDRY MISC_Afternoon,1
CLEANER.WAX.POLISH_Afternoon|HBC.HAIR CARE_Afternoon,1
CLEANER.WAX.POLISH_Evening|DELI.WIENERS . FRANKS_Evening,1
CLEANER.WAX.POLISH_Evening|FABRIC SOFTENERS_Evening,1
CLEANER.WAX.POLISH_Evening|GM.LAUNDRY MISC_Evening,1
CLEANER.WAX.POLISH_Evening|SAUCE_Evening,1
CLEANER.WAX.POLISH_Night|DETERGENT DISH_Night,1
CLEANER.WAX.POLISH_Night|DRINK MIX_Night,1
CLEANER.WAX.POLISH_Night|FOILS.WRAPS.BAGS_Night,1
CLEANER.WAX.POLISH_Night|GM.LAUNDRY MISC_Night,1
CLEANER.WAX.POLISH_Night|PAPER TOWELS_Night,1
CLEANER.WAX.POLISH_Night|SALT_Night,1
COFFEE_Trans_Count|COFFEE_Sale_Total_Qty,1
COFFEE_Trans_Count|COFFEE_Morning,1
COFFEE_Trans_Count|COFFEE_Afternoon,1
COFFEE_Basket_Size|DRINK MIX_Basket_Size,1
COFFEE_Sale_Net_Value|COFFEE_Trans_Count,1
COFFEE_Ticket_Size|COOKING OIL_Ticket_Size,1
COFFEE_Ticket_Size|MISCELLANEOUS_Basket_Size,1
COFFEE_Morning|COFFEE_Evening,1
COFFEE_Morning|MEAT BEEF_Morning,1
COFFEE_Afternoon|DETERGENT.LAUNDRY_Afternoon,1
COFFEE_Afternoon|SUGAR_Afternoon,1
COFFEE_Evening|DELI COFFEE ENHANCERS_Evening,1
COFFEE_Evening|MILK_Evening,1
COFFEE_Evening|SUGAR_Evening,1
COFFEE_Night|COMMERCIAL BKRY_Night,1
COFFEE_Night|SUGAR_Night,1
COMMERCIAL BKRY_Sale_Total_Qty|COMMERCIAL BKRY_Trans_Count,1
COMMERCIAL BKRY_Trans_Count|COMMERCIAL BKRY_Sale_Total_Qty,1
COMMERCIAL BKRY_Trans_Count|COMMERCIAL BKRY_Sale_Net_Value,1
COMMERCIAL BKRY_Basket_Size|ICE CREAM_Ticket_Size,1
COMMERCIAL BKRY_Basket_Size|SALT_Ticket_Size,1
COMMERCIAL BKRY_Sale_Net_Value|DELI MEATS_Sale_Net_Value,1
COMMERCIAL BKRY_Ticket_Size|CONDIMENTS_Ticket_Size,1
COMMERCIAL BKRY_Ticket_Size|DETERGENT DISH_Ticket_Size,1
COMMERCIAL BKRY_Ticket_Size|Sports_Day,1
COMMERCIAL BKRY_Morning|DELI.WIENERS . FRANKS_Morning,1
COMMERCIAL BKRY_Morning|DELI MEATS_Morning,1
COMMERCIAL BKRY_Morning|DELI YOGURT.GELATIN_Morning,1
COMMERCIAL BKRY_Morning|DETERGENT DISH_Morning,1
COMMERCIAL BKRY_Morning|HBC TOOTHPASTE_Sale_Net_Value,1
COMMERCIAL BKRY_Morning|MEAT CHEESE. CREAM. ATES. AND HAM   _Morning,1
COMMERCIAL BKRY_Afternoon|COOKIES_Afternoon,1
COMMERCIAL BKRY_Afternoon|DELI.WIENERS . FRANKS_Afternoon,1
COMMERCIAL BKRY_Afternoon|DELI MEATS_Afternoon,1
COMMERCIAL BKRY_Afternoon|DELI YOGURT.GELATIN_Afternoon,1
COMMERCIAL BKRY_Afternoon|DETERGENT_Afternoon,1
COMMERCIAL BKRY_Afternoon|NECTARS_Afternoon,1
COMMERCIAL BKRY_Afternoon|RAMEN_Sale_Net_Value,1
COMMERCIAL BKRY_Evening|COOKIES_Evening,1
COMMERCIAL BKRY_Evening|COOKIES.CRACKERS_Evening,1
COMMERCIAL BKRY_Evening|COOKING OIL_Evening,1
COMMERCIAL BKRY_Evening|DELI.WIENERS . FRANKS_Evening,1
COMMERCIAL BKRY_Evening|DELI MEATS_Evening,1
COMMERCIAL BKRY_Evening|DELI YOGURT.GELATIN_Evening,1
COMMERCIAL BKRY_Evening|JAMS.JELLIES_Evening,1
COMMERCIAL BKRY_Evening|MEAT CHEESE. CREAM. ATES. AND HAM   _Evening,1
COMMERCIAL BKRY_Evening|PEPPERS.CANNED_Evening,1
COMMERCIAL BKRY_Night|COOKIES_Night,1
COMMERCIAL BKRY_Night|DELI.LUNCH SNACKS_Night,1
COMMERCIAL BKRY_Night|DELI MEATS_Night,1
COMMERCIAL BKRY_Night|DELI YOGURT.GELATIN_Night,1
COMMERCIAL BKRY_Night|MEAT CHEESE. CREAM. ATES. AND HAM   _Night,1
COMMERCIAL BKRY_Night|MILK_Night,1
COMMERCIAL BKRY_Night|SEAFOOD_Ticket_Size,1
COMMERCIAL BKRY_Night|SEAFOOD_Night,1
COMMERCIAL BKRY_Night|TORTILLAS_Night,1
CONDIMENTS_Sale_Total_Qty|CONDIMENTS_Trans_Count,1
CONDIMENTS_Sale_Total_Qty|CONDIMENTS_Sale_Net_Value,1
CONDIMENTS_Trans_Count|CONDIMENTS_Sale_Total_Qty,1
CONDIMENTS_Trans_Count|CONDIMENTS_Ticket_Size,1
CONDIMENTS_Trans_Count|CONDIMENTS_Afternoon,1
CONDIMENTS_Basket_Size|Pcp.Night,1
CONDIMENTS_Sale_Net_Value|CONDIMENTS_Sale_Total_Qty,1
CONDIMENTS_Ticket_Size|DELI CHEESE_Basket_Size,1
CONDIMENTS_Ticket_Size|GELATIN_Ticket_Size,1
CONDIMENTS_Ticket_Size|JAMS.JELLIES_Basket_Size,1
CONDIMENTS_Ticket_Size|PEPPERS.CANNED_Ticket_Size,1
CONDIMENTS_Morning|CONDIMENTS_Afternoon,1
CONDIMENTS_Morning|MAYONNAISE . SPREADS_Morning,1
CONDIMENTS_Morning|SEAFOOD_Morning,1
CONDIMENTS_Morning|TORTILLAS_Morning,1
CONDIMENTS_Morning|VEGETABLES_Morning,1
CONDIMENTS_Afternoon|SALTY SNACKS_Afternoon,1
CONDIMENTS_Evening|MAYONNAISE . SPREADS_Evening,1
CONDIMENTS_Night|DELI BACON_Night,1
CONDIMENTS_Night|FOILS.WRAPS.BAGS_Night,1
CONDIMENTS_Night|MAYONNAISE . SPREADS_Night,1
COOKIES_Sale_Total_Qty|COOKIES_Trans_Count,1
COOKIES_Sale_Total_Qty|COOKIES_Sale_Net_Value,1
COOKIES_Trans_Count|COOKIES_Sale_Total_Qty,1
COOKIES_Trans_Count|COOKIES_Morning,1
COOKIES_Trans_Count|COOKIES_Afternoon,1
COOKIES_Sale_Net_Value|MEAT.CANNED_Sale_Net_Value,1
COOKIES_Ticket_Size|COOKIES_Basket_Size,1
COOKIES_Morning|COOKIES.CRACKERS_Morning,1
COOKIES_Morning|DELI YOGURT.GELATIN_Morning,1
COOKIES_Afternoon|DRINK ASEPTIC_Afternoon,1
COOKIES_Evening|DELI YOGURT.GELATIN_Evening,1
COOKIES_Evening|MILK_Evening,1
COOKIES_Night|COOKIES.CRACKERS_Night,1
COOKIES_Night|DELI.WIENERS . FRANKS_Night,1
COOKIES_Night|DELI CHEESE_Night,1
COOKIES_Night|DRINK ASEPTIC_Night,1
COOKIES.CRACKERS_Sale_Total_Qty|COOKIES.CRACKERS_Trans_Count,1
COOKIES.CRACKERS_Sale_Total_Qty|COOKIES.CRACKERS_Sale_Net_Value,1
COOKIES.CRACKERS_Trans_Count|COOKIES.CRACKERS_Sale_Total_Qty,1
COOKIES.CRACKERS_Trans_Count|COOKIES.CRACKERS_Afternoon,1
COOKIES.CRACKERS_Trans_Count|COOKIES.CRACKERS_Evening,1
COOKIES.CRACKERS_Basket_Size|COOKIES.CRACKERS_Ticket_Size,1
COOKIES.CRACKERS_Basket_Size|COOKING SAUCE_Basket_Size,1
COOKIES.CRACKERS_Basket_Size|VEGETABLES_Basket_Size,1
COOKIES.CRACKERS_Sale_Net_Value|DELI YOGURT.GELATIN_Sale_Net_Value,1
COOKIES.CRACKERS_Ticket_Size|MAYONNAISE . SPREADS_Ticket_Size,1
COOKIES.CRACKERS_Ticket_Size|TORTILLAS_Ticket_Size,1
COOKIES.CRACKERS_Morning|COOKIES.CRACKERS_Afternoon,1
COOKIES.CRACKERS_Afternoon|COOKIES.CRACKERS_Evening,1
COOKIES.CRACKERS_Evening|COOKIES.CRACKERS_Night,1
COOKIES.CRACKERS_Night|DELI CHEESE_Night,1
COOKING OIL_Sale_Total_Qty|COOKING OIL_Basket_Size,1
COOKING OIL_Trans_Count|COOKING OIL_Sale_Total_Qty,1
COOKING OIL_Trans_Count|COOKING OIL_Afternoon,1
COOKING OIL_Basket_Size|SAUCE_Basket_Size,1
COOKING OIL_Sale_Net_Value|COOKING OIL_Trans_Count,1
COOKING OIL_Sale_Net_Value|SAUCE_Trans_Count,1
COOKING OIL_Ticket_Size|DELI JUICE_Basket_Size,1
COOKING OIL_Ticket_Size|DETERGENT_Ticket_Size,1
COOKING OIL_Morning|DETERGENT DISH_Morning,1
COOKING OIL_Morning|SUGAR_Morning,1
COOKING OIL_Morning|TORTILLAS_Morning,1
COOKING OIL_Afternoon|COOKING OIL_Evening,1
COOKING OIL_Afternoon|TOMATOES_Afternoon,1
COOKING OIL_Afternoon|TORTILLAS_Afternoon,1
COOKING OIL_Evening|MEAT POULTRY_Evening,1
COOKING OIL_Evening|SAUCE_Evening,1
COOKING OIL_Evening|TOILET TISSUE_Evening,1
COOKING OIL_Night|MEAT POULTRY_Night,1
COOKING OIL_Night|TORTILLAS_Night,1
COOKING OIL_Night|TORTILLERIA.TORTILLERIA_Night,1
COOKING SAUCE_Sale_Total_Qty|COOKING SAUCE_Trans_Count,1
COOKING SAUCE_Sale_Total_Qty|COOKING SAUCE_Sale_Net_Value,1
COOKING SAUCE_Trans_Count|COOKING SAUCE_Sale_Total_Qty,1
COOKING SAUCE_Trans_Count|COOKING SAUCE_Afternoon,1
COOKING SAUCE_Basket_Size|COOKING SAUCE_Ticket_Size,1
COOKING SAUCE_Basket_Size|DELI MARGARINE_Basket_Size,1
COOKING SAUCE_Sale_Net_Value|COOKING SAUCE_Ticket_Size,1
COOKING SAUCE_Ticket_Size|DELI COFFEE ENHANCERS_Ticket_Size,1
COOKING SAUCE_Ticket_Size|MEAT.CANNED_Ticket_Size,1
COOKING SAUCE_Ticket_Size|PEANUT BUTTER_Ticket_Size,1
COOKING SAUCE_Morning|PASTA_Morning,1
COOKING SAUCE_Afternoon|COOKING SAUCE_Trans_Count,1
COOKING SAUCE_Evening|PASTA_Evening,1
COOKING SAUCE_Night|DELI CHEESE_Night,1
COOKING SAUCE_Night|PASTA_Night,1
CRV.CRV_Sale_Total_Qty|CRV.CRV_Sale_Net_Value,1
CRV.CRV_Trans_Count|CRV.CRV_Sale_Total_Qty,1
CRV.CRV_Trans_Count|CRV.CRV_Morning,1
CRV.CRV_Trans_Count|JUICE_Trans_Count,1
CRV.CRV_Trans_Count|WATER_Trans_Count,1
CRV.CRV_Basket_Size|JUICE_Basket_Size,1
CRV.CRV_Basket_Size|SERVICE DELI MAJOR CAT_Night,1
CRV.CRV_Basket_Size|SPORT DRINKS_Basket_Size,1
CRV.CRV_Basket_Size|WATER_Basket_Size,1
CRV.CRV_Sale_Net_Value|CRV.CRV_Ticket_Size,1
CRV.CRV_Sale_Net_Value|WATER_Sale_Net_Value,1
CRV.CRV_Ticket_Size|WATER_Ticket_Size,1
CRV.CRV_Morning|DELI FRUIT DRINKS . PUNCHES_Morning,1
CRV.CRV_Morning|JUICE_Morning,1
CRV.CRV_Morning|NECTARS_Morning,1
CRV.CRV_Morning|SPORT DRINKS_Morning,1
CRV.CRV_Morning|WATER_Morning,1
CRV.CRV_Afternoon|DELI FRUIT DRINKS . PUNCHES_Afternoon,1
CRV.CRV_Afternoon|NECTARS_Afternoon,1
CRV.CRV_Afternoon|SPORT DRINKS_Afternoon,1
CRV.CRV_Afternoon|WATER_Afternoon,1
CRV.CRV_Evening|DELI FRUIT DRINKS . PUNCHES_Evening,1
CRV.CRV_Evening|JUICE_Evening,1
CRV.CRV_Evening|NECTARS_Evening,1
CRV.CRV_Evening|SPORT DRINKS_Evening,1
CRV.CRV_Evening|WATER_Evening,1
CRV.CRV_Night|DELI FRUIT DRINKS . PUNCHES_Night,1
CRV.CRV_Night|ICE CREAM_Sale_Net_Value,1
CRV.CRV_Night|WATER_Night,1
CUPS_Sale_Total_Qty|CUPS_Trans_Count,1
CUPS_Sale_Total_Qty|CUPS_Sale_Net_Value,1
CUPS_Trans_Count|CUPS_Sale_Total_Qty,1
CUPS_Trans_Count|CUPS_Afternoon,1
CUPS_Trans_Count|DAIRY.DELI_Sale_Net_Value,1
CUPS_Basket_Size|CUPS_Ticket_Size,1
CUPS_Sale_Net_Value|CUPS_Ticket_Size,1
CUPS_Ticket_Size|DELI MILK ALTERNATIVES_Ticket_Size,1
CUPS_Morning|HOMINY_Morning,1
CUPS_Morning|PLATES_Morning,1
CUPS_Afternoon|CUPS_Evening,1
CUPS_Afternoon|FRUIT_Afternoon,1
CUPS_Afternoon|PLATES_Afternoon,1
CUPS_Night|DELI MARGARINE_Night,1
CUPS_Night|HOMINY_Evening,1
CUPS_Night|SPICES.SEASONING_Night,1
CUPS_Night|UTENSILS_Night,1
DAIRY.DELI_Sale_Total_Qty|DAIRY.DELI_Basket_Size,1
DAIRY.DELI_Trans_Count|DAIRY.DELI_Sale_Total_Qty,1
DAIRY.DELI_Trans_Count|DAIRY.DELI_Sale_Net_Value,1
DAIRY.DELI_Trans_Count|DAIRY.DELI_Evening,1
DAIRY.DELI_Basket_Size|DAIRY.DELI_Ticket_Size,1
DAIRY.DELI_Sale_Net_Value|DAIRY.DELI_Ticket_Size,1
DAIRY.DELI_Ticket_Size|DELI.WIENERS . FRANKS_Ticket_Size,1
DAIRY.DELI_Morning|DELI CHEESE_Morning,1
DAIRY.DELI_Morning|FRUIT_Morning,1
DAIRY.DELI_Morning|SPICES.SEASONING_Morning,1
DAIRY.DELI_Morning|TORTILLAS_Morning,1
DAIRY.DELI_Afternoon|MILK_Afternoon,1
DAIRY.DELI_Evening|DELI HISPANIC CHEESE_Evening,1
DAIRY.DELI_Night|BLEACH_Night,1
DELI.CHORIZO_Trans_Count|DELI.CHORIZO_Sale_Total_Qty,1
DELI.CHORIZO_Trans_Count|DELI.CHORIZO_Evening,1
DELI.CHORIZO_Trans_Count|DELI.CHORIZO_Night,1
DELI.CHORIZO_Basket_Size|DELI.CHORIZO_Ticket_Size,1
DELI.CHORIZO_Sale_Net_Value|DELI.CHORIZO_Ticket_Size,1
DELI.CHORIZO_Sale_Net_Value|DETERGENT_Afternoon,1
DELI.CHORIZO_Morning|DELI.CHORIZO_Trans_Count,1
DELI.CHORIZO_Afternoon|DELI.CHORIZO_Trans_Count,1
DELI.CHORIZO_Evening|DELI MEATS_Evening,1
DELI.CHORIZO_Night|TORTILLAS_Night,1
DELI.CHORIZO_Night|VEGETABLES_Night,1
DELI.LUNCH SNACKS_Sale_Total_Qty|DELI.LUNCH SNACKS_Trans_Count,1
DELI.LUNCH SNACKS_Sale_Total_Qty|DELI.LUNCH SNACKS_Sale_Net_Value,1
DELI.LUNCH SNACKS_Trans_Count|DELI.LUNCH SNACKS_Sale_Total_Qty,1
DELI.LUNCH SNACKS_Trans_Count|DELI.LUNCH SNACKS_Afternoon,1
DELI.LUNCH SNACKS_Trans_Count|DELI.LUNCH SNACKS_Evening,1
DELI.LUNCH SNACKS_Basket_Size|DELI.LUNCH SNACKS_Ticket_Size,1
DELI.LUNCH SNACKS_Basket_Size|TOILET TISSUE_Ticket_Size,1
DELI.LUNCH SNACKS_Sale_Net_Value|DELI.LUNCH SNACKS_Sale_Total_Qty,1
DELI.LUNCH SNACKS_Ticket_Size|TEA_Basket_Size,1
DELI.LUNCH SNACKS_Morning|DELI.LUNCH SNACKS_Night,1
DELI.LUNCH SNACKS_Morning|DELI YOGURT.GELATIN_Morning,1
DELI.LUNCH SNACKS_Afternoon|DELI.LUNCH SNACKS_Trans_Count,1
DELI.LUNCH SNACKS_Afternoon|DELI.LUNCH SNACKS_Evening,1
DELI.LUNCH SNACKS_Evening|DELI.LUNCH SNACKS_Night,1
DELI.LUNCH SNACKS_Night|DRINK ASEPTIC_Night,1
DELI.LUNCH SNACKS_Night|PEANUT BUTTER_Night,1
DELI.WIENERS . FRANKS_Sale_Total_Qty|DELI.WIENERS . FRANKS_Trans_Count,1
DELI.WIENERS . FRANKS_Trans_Count|DELI.WIENERS . FRANKS_Sale_Total_Qty,1
DELI.WIENERS . FRANKS_Basket_Size|DELI MILK ALTERNATIVES_Basket_Size,1
DELI.WIENERS . FRANKS_Sale_Net_Value|HBC TOOTHPASTE_Sale_Net_Value,1
DELI.WIENERS . FRANKS_Ticket_Size|DELI MEATS_Ticket_Size,1
DELI.WIENERS . FRANKS_Ticket_Size|FLOUR_Ticket_Size,1
DELI.WIENERS . FRANKS_Ticket_Size|FLOUR_Night,1
DELI.WIENERS . FRANKS_Ticket_Size|MEAT BEEF_Ticket_Size,1
DELI.WIENERS . FRANKS_Morning|DELI FRUIT DRINKS . PUNCHES_Morning,1
DELI.WIENERS . FRANKS_Morning|DELI MEATS_Morning,1
DELI.WIENERS . FRANKS_Afternoon|DELI YOGURT.GELATIN_Afternoon,1
DELI.WIENERS . FRANKS_Evening|DELI MEATS_Evening,1
DELI.WIENERS . FRANKS_Evening|MEAT POULTRY_Evening,1
DELI.WIENERS . FRANKS_Evening|SOAP BAR_Evening,1
DELI.WIENERS . FRANKS_Evening|TOILET TISSUE_Evening,1
DELI.WIENERS . FRANKS_Night|DELI.CHORIZO_Night,1
DELI.WIENERS . FRANKS_Night|DELI MEATS_Night,1
DELI.WIENERS . FRANKS_Night|DETERGENT DISH_Night,1
DELI.WIENERS . FRANKS_Night|FOILS.WRAPS.BAGS_Night,1
DELI.WIENERS . FRANKS_Night|MEAT POULTRY_Night,1
DELI.WIENERS . FRANKS_Night|PASTA_Night,1
DELI.WIENERS . FRANKS_Night|SOAP BAR_Evening,1
DELI BACON_Sale_Total_Qty|DELI BACON_Sale_Net_Value,1
DELI BACON_Trans_Count|DELI BACON_Sale_Total_Qty,1
DELI BACON_Trans_Count|DELI BACON_Night,1
DELI BACON_Basket_Size|DELI BACON_Ticket_Size,1
DELI BACON_Ticket_Size|MAYONNAISE . SPREADS_Ticket_Size,1
DELI BACON_Ticket_Size|SALTY SNACKS_Ticket_Size,1
DELI BACON_Morning|MAYONNAISE . SPREADS_Morning,1
DELI BACON_Morning|UTENSILS_Morning,1
DELI BACON_Morning|VEGETABLES_Morning,1
DELI BACON_Afternoon|DELI BACON_Trans_Count,1
DELI BACON_Night|UTENSILS_Night,1
DELI CHEESE_Sale_Total_Qty|DELI CHEESE_Basket_Size,1
DELI CHEESE_Trans_Count|DELI CHEESE_Sale_Total_Qty,1
DELI CHEESE_Trans_Count|DELI CHEESE_Sale_Net_Value,1
DELI CHEESE_Trans_Count|DELI CHEESE_Afternoon,1
DELI CHEESE_Ticket_Size|DELI CHEESE_Trans_Count,1
DELI CHEESE_Morning|MILK_Morning,1
DELI CHEESE_Morning|RICE_Morning,1
DELI CHEESE_Morning|SAUCE_Morning,1
DELI CHEESE_Afternoon|DELI HISPANIC CHEESE_Afternoon,1
DELI CHEESE_Afternoon|MILK_Afternoon,1
DELI CHEESE_Afternoon|PASTA_Afternoon,1
DELI CHEESE_Evening|DELI MEATS_Evening,1
DELI CHEESE_Evening|MEAT CHEESE. CREAM. ATES. AND HAM   _Evening,1
DELI CHEESE_Evening|MILK_Evening,1
DELI CHEESE_Night|DELI MEATS_Night,1
DELI CHEESE_Night|HBC TOOTHPASTE_Night,1
DELI CHEESE_Night|MILK_Night,1
DELI COFFEE ENHANCERS_Sale_Total_Qty|DELI COFFEE ENHANCERS_Trans_Count,1
DELI COFFEE ENHANCERS_Sale_Total_Qty|DELI COFFEE ENHANCERS_Sale_Net_Value,1
DELI COFFEE ENHANCERS_Trans_Count|DELI COFFEE ENHANCERS_Sale_Total_Qty,1
DELI COFFEE ENHANCERS_Trans_Count|DELI COFFEE ENHANCERS_Afternoon,1
DELI COFFEE ENHANCERS_Basket_Size|DELI COFFEE ENHANCERS_Ticket_Size,1
DELI COFFEE ENHANCERS_Basket_Size|PEANUT BUTTER_Basket_Size,1
DELI COFFEE ENHANCERS_Basket_Size|TOILET TISSUE_Basket_Size,1
DELI COFFEE ENHANCERS_Sale_Net_Value|DELI COFFEE ENHANCERS_Ticket_Size,1
DELI COFFEE ENHANCERS_Ticket_Size|FROZEN BURRITOS_Ticket_Size,1
DELI COFFEE ENHANCERS_Morning|JAMS.JELLIES_Morning,1
DELI COFFEE ENHANCERS_Afternoon|MILK_Afternoon,1
DELI COFFEE ENHANCERS_Evening|MEAT POULTRY_Evening,1
DELI COFFEE ENHANCERS_Evening|MILK_Evening,1
DELI COFFEE ENHANCERS_Evening|PEPPERS.CANNED_Evening,1
DELI COFFEE ENHANCERS_Night|VEGETABLES_Night,1
DELI FRUIT DRINKS . PUNCHES_Sale_Total_Qty|DELI FRUIT DRINKS . PUNCHES_Basket_Size,1
DELI FRUIT DRINKS . PUNCHES_Trans_Count|DELI FRUIT DRINKS . PUNCHES_Sale_Total_Qty,1
DELI FRUIT DRINKS . PUNCHES_Trans_Count|DELI FRUIT DRINKS . PUNCHES_Morning,1
DELI FRUIT DRINKS . PUNCHES_Trans_Count|DELI FRUIT DRINKS . PUNCHES_Evening,1
DELI FRUIT DRINKS . PUNCHES_Sale_Net_Value|CRV.CRV_Trans_Count,1
DELI FRUIT DRINKS . PUNCHES_Sale_Net_Value|DELI FRUIT DRINKS . PUNCHES_Trans_Count,1
DELI FRUIT DRINKS . PUNCHES_Ticket_Size|MonthDay,1
DELI FRUIT DRINKS . PUNCHES_Morning|DELI FRUIT DRINKS . PUNCHES_Afternoon,1
DELI FRUIT DRINKS . PUNCHES_Afternoon|DELI FRUIT DRINKS . PUNCHES_Evening,1
DELI FRUIT DRINKS . PUNCHES_Night|PAPER TOWELS_Night,1
DELI HISPANIC CHEESE_Sale_Total_Qty|DELI HISPANIC CHEESE_Trans_Count,1
DELI HISPANIC CHEESE_Sale_Total_Qty|DELI HISPANIC CHEESE_Sale_Net_Value,1
DELI HISPANIC CHEESE_Trans_Count|DELI HISPANIC CHEESE_Sale_Total_Qty,1
DELI HISPANIC CHEESE_Trans_Count|DELI HISPANIC CHEESE_Evening,1
DELI HISPANIC CHEESE_Trans_Count|DELI HISPANIC CHEESE_Night,1
DELI HISPANIC CHEESE_Sale_Net_Value|TOMATOES_Sale_Net_Value,1
DELI HISPANIC CHEESE_Ticket_Size|DELI MEATS_Ticket_Size,1
DELI HISPANIC CHEESE_Ticket_Size|SOAP BAR_Basket_Size,1
DELI HISPANIC CHEESE_Afternoon|DELI YOGURT.GELATIN_Afternoon,1
DELI HISPANIC CHEESE_Afternoon|MAYONNAISE . SPREADS_Afternoon,1
DELI HISPANIC CHEESE_Night|TORTILLAS_Night,1
DELI JUICE_Sale_Total_Qty|DELI JUICE_Trans_Count,1
DELI JUICE_Sale_Total_Qty|DELI JUICE_Sale_Net_Value,1
DELI JUICE_Sale_Total_Qty|DELI JUICE_Night,1
DELI JUICE_Trans_Count|DELI JUICE_Sale_Total_Qty,1
DELI JUICE_Trans_Count|DELI JUICE_Afternoon,1
DELI JUICE_Trans_Count|DELI JUICE_Evening,1
DELI JUICE_Basket_Size|DELI JUICE_Ticket_Size,1
DELI JUICE_Sale_Net_Value|DELI JUICE_Ticket_Size,1
DELI JUICE_Afternoon|SALT_Afternoon,1
DELI JUICE_Evening|FABRIC SOFTENERS_Evening,1
DELI JUICE_Night|MEAT BEEF_Night,1
DELI MARGARINE_Sale_Total_Qty|DELI MARGARINE_Trans_Count,1
DELI MARGARINE_Sale_Total_Qty|DELI MARGARINE_Sale_Net_Value,1
DELI MARGARINE_Sale_Total_Qty|DELI MARGARINE_Morning,1
DELI MARGARINE_Trans_Count|DELI MARGARINE_Sale_Total_Qty,1
DELI MARGARINE_Trans_Count|DELI MARGARINE_Evening,1
DELI MARGARINE_Basket_Size|DELI MARGARINE_Ticket_Size,1
DELI MARGARINE_Sale_Net_Value|DELI MARGARINE_Ticket_Size,1
DELI MARGARINE_Morning|DELI MARGARINE_Afternoon,1
DELI MARGARINE_Morning|FOILS.WRAPS.BAGS_Morning,1
DELI MARGARINE_Morning|HBC TOOTHPASTE_Morning,1
DELI MARGARINE_Afternoon|DELI MARGARINE_Evening,1
DELI MARGARINE_Evening|FROZEN VEGETABLES_Evening,1
DELI MARGARINE_Evening|SPICES.SEASONING_Evening,1
DELI MARGARINE_Night|FROZEN VEGETABLES_Evening,1
DELI MARGARINE_Night|MILK_Night,1
DELI MARGARINE_Night|RICE_Night,1
DELI MEATS_Sale_Total_Qty|DELI MEATS_Trans_Count,1
DELI MEATS_Sale_Total_Qty|DELI MEATS_Sale_Net_Value,1
DELI MEATS_Trans_Count|DELI MEATS_Sale_Total_Qty,1
DELI MEATS_Basket_Size|DELI MEATS_Ticket_Size,1
DELI MEATS_Sale_Net_Value|DELI MEATS_Ticket_Size,1
DELI MEATS_Morning|DELI YOGURT.GELATIN_Morning,1
DELI MEATS_Morning|SOAP BAR_Morning,1
DELI MEATS_Afternoon|DELI.WIENERS . FRANKS_Afternoon,1
DELI MEATS_Evening|DELI YOGURT.GELATIN_Evening,1
DELI MEATS_Evening|MAYONNAISE . SPREADS_Evening,1
DELI MEATS_Night|FOILS.WRAPS.BAGS_Night,1
DELI MEATS_Night|HBC TOOTHPASTE_Night,1
DELI MEATS_Night|MAYONNAISE . SPREADS_Night,1
DELI MILK ALTERNATIVES_Sale_Total_Qty|DELI MILK ALTERNATIVES_Night,1
DELI MILK ALTERNATIVES_Trans_Count|DELI MILK ALTERNATIVES_Sale_Total_Qty,1
DELI MILK ALTERNATIVES_Trans_Count|DELI MILK ALTERNATIVES_Morning,1
DELI MILK ALTERNATIVES_Basket_Size|NAPKINS_Basket_Size,1
DELI MILK ALTERNATIVES_Sale_Net_Value|DELI MILK ALTERNATIVES_Trans_Count,1
DELI MILK ALTERNATIVES_Sale_Net_Value|DELI YOGURT.GELATIN_Sale_Net_Value,1
DELI MILK ALTERNATIVES_Afternoon|DELI MILK ALTERNATIVES_Morning,1
DELI MILK ALTERNATIVES_Night|GELATIN_Night,1
DELI MILK ALTERNATIVES_Night|SALTY SNACKS_Night,1
DELI YOGURT.GELATIN_Sale_Total_Qty|DELI YOGURT.GELATIN_Basket_Size,1
DELI YOGURT.GELATIN_Sale_Total_Qty|DELI YOGURT.GELATIN_Sale_Net_Value,1
DELI YOGURT.GELATIN_Trans_Count|DELI YOGURT.GELATIN_Sale_Total_Qty,1
DELI YOGURT.GELATIN_Trans_Count|DELI YOGURT.GELATIN_Sale_Net_Value,1
DELI YOGURT.GELATIN_Trans_Count|DELI YOGURT.GELATIN_Morning,1
DELI YOGURT.GELATIN_Trans_Count|DELI YOGURT.GELATIN_Afternoon,1
DELI YOGURT.GELATIN_Trans_Count|DELI YOGURT.GELATIN_Evening,1
DELI YOGURT.GELATIN_Trans_Count|DELI YOGURT.GELATIN_Night,1
DELI YOGURT.GELATIN_Basket_Size|SPICES.SEASONING_Ticket_Size,1
DELI YOGURT.GELATIN_Sale_Net_Value|MEAT POULTRY_Trans_Count,1
DELI YOGURT.GELATIN_Ticket_Size|DELI YOGURT.GELATIN_Basket_Size,1
DELI YOGURT.GELATIN_Evening|DETERGENT DISH_Evening,1
DELI YOGURT.GELATIN_Evening|MEAT POULTRY_Evening,1
DELI YOGURT.GELATIN_Night|MEAT POULTRY_Night,1
DETERGENT.LAUNDRY_Sale_Total_Qty|DETERGENT.LAUNDRY_Trans_Count,1
DETERGENT.LAUNDRY_Sale_Total_Qty|DETERGENT.LAUNDRY_Sale_Net_Value,1
DETERGENT.LAUNDRY_Trans_Count|DETERGENT.LAUNDRY_Sale_Total_Qty,1
DETERGENT.LAUNDRY_Trans_Count|DETERGENT.LAUNDRY_Morning,1
DETERGENT.LAUNDRY_Trans_Count|DETERGENT.LAUNDRY_Afternoon,1
DETERGENT.LAUNDRY_Basket_Size|DETERGENT.LAUNDRY_Ticket_Size,1
DETERGENT.LAUNDRY_Sale_Net_Value|DETERGENT.LAUNDRY_Ticket_Size,1
DETERGENT.LAUNDRY_Ticket_Size|SAUCE_Night,1
DETERGENT.LAUNDRY_Morning|DETERGENT.LAUNDRY_Afternoon,1
DETERGENT.LAUNDRY_Morning|FABRIC SOFTENERS_Morning,1
DETERGENT.LAUNDRY_Morning|HBC TOOTHPASTE_Morning,1
DETERGENT.LAUNDRY_Morning|SALTY SNACKS_Morning,1
DETERGENT.LAUNDRY_Afternoon|FABRIC SOFTENERS_Afternoon,1
DETERGENT.LAUNDRY_Evening|DETERGENT DISH_Evening,1
DETERGENT.LAUNDRY_Evening|FABRIC SOFTENERS_Evening,1
DETERGENT.LAUNDRY_Night|FABRIC SOFTENERS_Night,1
DETERGENT.LAUNDRY_Night|RAMEN_Night,1
DETERGENT.LAUNDRY_Night|TOILET TISSUE_Night,1
DETERGENT.LAUNDRY_Night|VEGETABLES_Night,1
DETERGENT DISH_Sale_Total_Qty|DETERGENT DISH_Trans_Count,1
DETERGENT DISH_Sale_Total_Qty|DETERGENT DISH_Sale_Net_Value,1
DETERGENT DISH_Trans_Count|DETERGENT DISH_Sale_Total_Qty,1
DETERGENT DISH_Trans_Count|DETERGENT DISH_Afternoon,1
DETERGENT DISH_Basket_Size|CLEANER.WAX.POLISH_Basket_Size,1
DETERGENT DISH_Basket_Size|DETERGENT DISH_Ticket_Size,1
DETERGENT DISH_Sale_Net_Value|DETERGENT DISH_Ticket_Size,1
DETERGENT DISH_Sale_Net_Value|HBC.HAIR CARE_Sale_Net_Value,1
DETERGENT DISH_Sale_Net_Value|HBC TOOTHPASTE_Sale_Net_Value,1
DETERGENT DISH_Ticket_Size|TEA_Ticket_Size,1
DETERGENT DISH_Morning|SOAP BAR_Morning,1
DETERGENT DISH_Afternoon|MEAT.CANNED_Afternoon,1
DETERGENT DISH_Evening|DETERGENT_Evening,1
DETERGENT DISH_Evening|TOILET TISSUE_Evening,1
DETERGENT DISH_Night|DETERGENT_Night,1
DETERGENT DISH_Night|SOAP BAR_Night,1
DETERGENT DISH_Night|TORTILLAS_Night,1
DETERGENT_Sale_Total_Qty|DETERGENT_Trans_Count,1
DETERGENT_Sale_Total_Qty|DETERGENT_Sale_Net_Value,1
DETERGENT_Trans_Count|DETERGENT_Sale_Total_Qty,1
DETERGENT_Trans_Count|DETERGENT_Evening,1
DETERGENT_Basket_Size|DETERGENT_Ticket_Size,1
DETERGENT_Basket_Size|HBC.HAIR CARE_Ticket_Size,1
DETERGENT_Basket_Size|RICE_Basket_Size,1
DETERGENT_Sale_Net_Value|DETERGENT_Ticket_Size,1
DETERGENT_Sale_Net_Value|DETERGENT_Night,1
DETERGENT_Ticket_Size|DRINK ASEPTIC_Basket_Size,1
DETERGENT_Morning|FABRIC SOFTENERS_Morning,1
DETERGENT_Morning|MILK_Morning,1
DETERGENT_Afternoon|FABRIC SOFTENERS_Afternoon,1
DETERGENT_Afternoon|HBC.HAIR CARE_Afternoon,1
DETERGENT_Afternoon|PAPER TOWELS_Afternoon,1
DETERGENT_Afternoon|SOAP BAR_Afternoon,1
DETERGENT_Evening|FABRIC SOFTENERS_Evening,1
DETERGENT_Evening|SOAP BAR_Evening,1
DETERGENT_Night|PAPER TOWELS_Night,1
DRINK ASEPTIC_Sale_Total_Qty|DRINK ASEPTIC_Trans_Count,1
DRINK ASEPTIC_Sale_Total_Qty|DRINK ASEPTIC_Sale_Net_Value,1
DRINK ASEPTIC_Trans_Count|DRINK ASEPTIC_Sale_Total_Qty,1
DRINK ASEPTIC_Trans_Count|DRINK ASEPTIC_Morning,1
DRINK ASEPTIC_Trans_Count|DRINK ASEPTIC_Afternoon,1
DRINK ASEPTIC_Basket_Size|DRINK ASEPTIC_Ticket_Size,1
DRINK ASEPTIC_Sale_Net_Value|SALTY SNACKS_Sale_Net_Value,1
DRINK ASEPTIC_Ticket_Size|MISCELLANEOUS_Basket_Size,1
DRINK ASEPTIC_Ticket_Size|SALTY SNACKS_Night,1
DRINK ASEPTIC_Morning|DRINK ASEPTIC_Afternoon,1
DRINK ASEPTIC_Morning|DRINK ASEPTIC_Evening,1
DRINK ASEPTIC_Morning|FOILS.WRAPS.BAGS_Morning,1
DRINK ASEPTIC_Afternoon|DRINK ASEPTIC_Evening,1
DRINK ASEPTIC_Afternoon|PAPER TOWELS_Afternoon,1
DRINK ASEPTIC_Night|HBC.HAIR CARE_Night,1
DRINK MIX_Sale_Total_Qty|DRINK MIX_Basket_Size,1
DRINK MIX_Trans_Count|DRINK MIX_Sale_Total_Qty,1
DRINK MIX_Trans_Count|DRINK MIX_Sale_Net_Value,1
DRINK MIX_Basket_Size|DRINK MIX_Ticket_Size,1
DRINK MIX_Basket_Size|SAUCE_Ticket_Size,1
DRINK MIX_Sale_Net_Value|DRINK MIX_Ticket_Size,1
DRINK MIX_Ticket_Size|FOILS.WRAPS.BAGS_Ticket_Size,1
DRINK MIX_Ticket_Size|FRUIT_Basket_Size,1
DRINK MIX_Morning|DRINK MIX_Trans_Count,1
DRINK MIX_Afternoon|DRINK MIX_Trans_Count,1
DRINK MIX_Evening|DRINK MIX_Trans_Count,1
DRINK MIX_Night|ICE POPS_Night,1
FABRIC SOFTENERS_Sale_Total_Qty|FABRIC SOFTENERS_Trans_Count,1
FABRIC SOFTENERS_Sale_Total_Qty|FABRIC SOFTENERS_Sale_Net_Value,1
FABRIC SOFTENERS_Trans_Count|FABRIC SOFTENERS_Sale_Total_Qty,1
FABRIC SOFTENERS_Trans_Count|FABRIC SOFTENERS_Morning,1
FABRIC SOFTENERS_Trans_Count|FABRIC SOFTENERS_Afternoon,1
FABRIC SOFTENERS_Basket_Size|FABRIC SOFTENERS_Ticket_Size,1
FABRIC SOFTENERS_Basket_Size|HBC.HAIR CARE_Ticket_Size,1
FABRIC SOFTENERS_Basket_Size|TEA_Ticket_Size,1
FABRIC SOFTENERS_Sale_Net_Value|FABRIC SOFTENERS_Ticket_Size,1
FABRIC SOFTENERS_Ticket_Size|PAPER TOWELS_Ticket_Size,1
FABRIC SOFTENERS_Morning|FABRIC SOFTENERS_Afternoon,1
FABRIC SOFTENERS_Afternoon|FABRIC SOFTENERS_Evening,1
FABRIC SOFTENERS_Night|DETERGENT_Night,1
FABRIC SOFTENERS_Night|HBC.HAIR CARE_Night,1
FLORAL . MAJOR CAT_Sale_Total_Qty|FLORAL . MAJOR CAT_Basket_Size,1
FLORAL . MAJOR CAT_Sale_Total_Qty|FLORAL . MAJOR CAT_Sale_Net_Value,1
FLORAL . MAJOR CAT_Trans_Count|FLORAL . MAJOR CAT_Night,1
FLORAL . MAJOR CAT_Sale_Net_Value|FLORAL . MAJOR CAT_Ticket_Size,1
FLORAL . MAJOR CAT_Ticket_Size|MEAT POULTRY_Ticket_Size,1
FLORAL . MAJOR CAT_Morning|FLORAL . MAJOR CAT_Trans_Count,1
FLORAL . MAJOR CAT_Morning|FLORAL . MAJOR CAT_Sale_Net_Value,1
FLORAL . MAJOR CAT_Afternoon|FLORAL . MAJOR CAT_Trans_Count,1
FLORAL . MAJOR CAT_Afternoon|FLORAL . MAJOR CAT_Evening,1
FLORAL . MAJOR CAT_Evening|FLORAL . MAJOR CAT_Trans_Count,1
FLORAL . MAJOR CAT_Evening|FLORAL . MAJOR CAT_Afternoon,1
FLORAL . MAJOR CAT_Night|PAPER TOWELS_Basket_Size,1
FLORAL . MAJOR CAT_Night|TEA_Morning,1
FLOUR_Sale_Total_Qty|FLOUR_Trans_Count,1
FLOUR_Sale_Total_Qty|FLOUR_Sale_Net_Value,1
FLOUR_Trans_Count|FLOUR_Sale_Total_Qty,1
FLOUR_Trans_Count|FLOUR_Morning,1
FLOUR_Trans_Count|FLOUR_Afternoon,1
FLOUR_Basket_Size|FLOUR_Ticket_Size,1
FLOUR_Sale_Net_Value|FLOUR_Sale_Total_Qty,1
FLOUR_Ticket_Size|GELATIN_Ticket_Size,1
FLOUR_Morning|FLOUR_Trans_Count,1
FLOUR_Morning|FLOUR_Afternoon,1
FLOUR_Afternoon|FLOUR_Evening,1
FLOUR_Night|MEAT PORK_Evening,1
FLOUR_Night|MEAT PORK_Night,1
FLOUR_Night|MILK_Night,1
FOILS.WRAPS.BAGS_Sale_Total_Qty|FOILS.WRAPS.BAGS_Trans_Count,1
FOILS.WRAPS.BAGS_Sale_Total_Qty|FOILS.WRAPS.BAGS_Sale_Net_Value,1
FOILS.WRAPS.BAGS_Trans_Count|FOILS.WRAPS.BAGS_Sale_Total_Qty,1
FOILS.WRAPS.BAGS_Trans_Count|FOILS.WRAPS.BAGS_Afternoon,1
FOILS.WRAPS.BAGS_Basket_Size|FOILS.WRAPS.BAGS_Ticket_Size,1
FOILS.WRAPS.BAGS_Basket_Size|PASTA_Basket_Size,1
FOILS.WRAPS.BAGS_Sale_Net_Value|FOILS.WRAPS.BAGS_Ticket_Size,1
FOILS.WRAPS.BAGS_Morning|MILK_Morning,1
FOILS.WRAPS.BAGS_Morning|PAPER TOWELS_Morning,1
FOILS.WRAPS.BAGS_Morning|SPICES.SEASONING_Morning,1
FOILS.WRAPS.BAGS_Afternoon|MAYONNAISE . SPREADS_Afternoon,1
FOILS.WRAPS.BAGS_Afternoon|TORTILLAS_Afternoon,1
FOILS.WRAPS.BAGS_Evening|FROZEN VEGETABLES_Evening,1
FOILS.WRAPS.BAGS_Evening|NAPKINS_Evening,1
FOILS.WRAPS.BAGS_Evening|PAPER TOWELS_Evening,1
FOILS.WRAPS.BAGS_Evening|SALT_Evening,1
FOILS.WRAPS.BAGS_Night|FRUIT_Night,1
FROZEN BURRITOS_Sale_Total_Qty|FROZEN BURRITOS_Sale_Net_Value,1
FROZEN BURRITOS_Trans_Count|FROZEN BURRITOS_Sale_Net_Value,1
FROZEN BURRITOS_Trans_Count|FROZEN BURRITOS_Morning,1
FROZEN BURRITOS_Trans_Count|FROZEN BURRITOS_Night,1
FROZEN BURRITOS_Basket_Size|FROZEN BURRITOS_Sale_Total_Qty,1
FROZEN BURRITOS_Sale_Net_Value|FROZEN BURRITOS_Ticket_Size,1
FROZEN BURRITOS_Sale_Net_Value|HBC.HAIR CARE_Sale_Net_Value,1
FROZEN BURRITOS_Afternoon|FROZEN BURRITOS_Trans_Count,1
FROZEN BURRITOS_Evening|FROZEN BURRITOS_Trans_Count,1
FROZEN BURRITOS_Night|SALTY SNACKS_Night,1
FROZEN ICE_Sale_Total_Qty|FROZEN ICE_Sale_Net_Value,1
FROZEN ICE_Trans_Count|FROZEN ICE_Evening,1
FROZEN ICE_Trans_Count|FROZEN ICE_Night,1
FROZEN ICE_Basket_Size|FROZEN ICE_Ticket_Size,1
FROZEN ICE_Sale_Net_Value|FROZEN ICE_Sale_Total_Qty,1
FROZEN ICE_Ticket_Size|FROZEN ICE_Basket_Size,1
FROZEN ICE_Morning|FROZEN ICE_Trans_Count,1
FROZEN ICE_Afternoon|FROZEN ICE_Trans_Count,1
FROZEN ICE_Afternoon|FROZEN ICE_Evening,1
FROZEN ICE_Evening|MEAT POULTRY_Basket_Size,1
FROZEN VEGETABLES_Sale_Total_Qty|FROZEN VEGETABLES_Trans_Count,1
FROZEN VEGETABLES_Sale_Total_Qty|FROZEN VEGETABLES_Sale_Net_Value,1
FROZEN VEGETABLES_Trans_Count|FROZEN VEGETABLES_Sale_Total_Qty,1
FROZEN VEGETABLES_Trans_Count|FROZEN VEGETABLES_Morning,1
FROZEN VEGETABLES_Trans_Count|FROZEN VEGETABLES_Afternoon,1
FROZEN VEGETABLES_Basket_Size|FROZEN VEGETABLES_Ticket_Size,1
FROZEN VEGETABLES_Sale_Net_Value|FROZEN VEGETABLES_Ticket_Size,1
FROZEN VEGETABLES_Morning|MILK_Basket_Size,1
FROZEN VEGETABLES_Afternoon|FROZEN VEGETABLES_Trans_Count,1
FROZEN VEGETABLES_Afternoon|FROZEN VEGETABLES_Morning,1
FROZEN VEGETABLES_Night|COOKING SAUCE_Night,1
FRUIT_Sale_Total_Qty|FRUIT_Trans_Count,1
FRUIT_Sale_Total_Qty|FRUIT_Sale_Net_Value,1
FRUIT_Trans_Count|FRUIT_Ticket_Size,1
FRUIT_Trans_Count|FRUIT_Morning,1
FRUIT_Trans_Count|FRUIT_Afternoon,1
FRUIT_Basket_Size|FRUIT_Ticket_Size,1
FRUIT_Sale_Net_Value|FRUIT_Sale_Total_Qty,1
FRUIT_Ticket_Size|MISCELLANEOUS_Sale_Total_Qty,1
FRUIT_Morning|DELI MARGARINE_Morning,1
FRUIT_Morning|PLATES_Morning,1
FRUIT_Evening|MEAT PORK_Evening,1
FRUIT_Evening|PAPER TOWELS_Evening,1
GELATIN_Sale_Total_Qty|GELATIN_Trans_Count,1
GELATIN_Sale_Total_Qty|GELATIN_Sale_Net_Value,1
GELATIN_Trans_Count|GELATIN_Ticket_Size,1
GELATIN_Basket_Size|GELATIN_Ticket_Size,1
GELATIN_Basket_Size|TORTILLAS_Basket_Size,1
GELATIN_Sale_Net_Value|GELATIN_Sale_Total_Qty,1
GELATIN_Morning|GELATIN_Trans_Count,1
GELATIN_Evening|GELATIN_Trans_Count,1
GM.KITCHEN MISC_Trans_Count|GM.KITCHEN MISC_Sale_Total_Qty,1
GM.KITCHEN MISC_Trans_Count|GM.KITCHEN MISC_Sale_Net_Value,1
GM.KITCHEN MISC_Trans_Count|GM.KITCHEN MISC_Morning,1
GM.KITCHEN MISC_Trans_Count|GM.KITCHEN MISC_Afternoon,1
GM.KITCHEN MISC_Trans_Count|GM.KITCHEN MISC_Evening,1
GM.KITCHEN MISC_Basket_Size|Year,1
GM.KITCHEN MISC_Basket_Size|GM.KITCHEN MISC_Sale_Total_Qty,1
GM.KITCHEN MISC_Sale_Net_Value|GM.KITCHEN MISC_Ticket_Size,1
GM.KITCHEN MISC_Sale_Net_Value|TORTILLERIA.TORTILLERIA_Sale_Total_Qty,1
GM.KITCHEN MISC_Morning|PLATES_Morning,1
GM.KITCHEN MISC_Afternoon|PLATES_Afternoon,1
GM.KITCHEN MISC_Afternoon|TORTILLERIA.TORTILLERIA_Afternoon,1
GM.KITCHEN MISC_Evening|TORTILLERIA.TORTILLERIA_Evening,1
GM.KITCHEN MISC_Night|MAYONNAISE . SPREADS_Night,1
GM.LAUNDRY MISC_Sale_Total_Qty|GM.LAUNDRY MISC_Sale_Net_Value,1
GM.LAUNDRY MISC_Trans_Count|GM.LAUNDRY MISC_Sale_Total_Qty,1
GM.LAUNDRY MISC_Trans_Count|GM.LAUNDRY MISC_Morning,1
GM.LAUNDRY MISC_Trans_Count|GM.LAUNDRY MISC_Afternoon,1
GM.LAUNDRY MISC_Trans_Count|GM.LAUNDRY MISC_Evening,1
GM.LAUNDRY MISC_Trans_Count|GM.LAUNDRY MISC_Night,1
GM.LAUNDRY MISC_Basket_Size|GM.LAUNDRY MISC_Ticket_Size,1
GM.LAUNDRY MISC_Basket_Size|HBC.HAIR CARE_Basket_Size,1
GM.LAUNDRY MISC_Basket_Size|Sports_Day,1
GM.LAUNDRY MISC_Sale_Net_Value|GM.LAUNDRY MISC_Ticket_Size,1
GM.LAUNDRY MISC_Ticket_Size|JAMS.JELLIES_Ticket_Size,1
HBC.ELECTROLYTES_Sale_Total_Qty|HBC.ELECTROLYTES_Trans_Count,1
HBC.ELECTROLYTES_Sale_Total_Qty|HBC.ELECTROLYTES_Sale_Net_Value,1
HBC.ELECTROLYTES_Trans_Count|HBC.ELECTROLYTES_Sale_Total_Qty,1
HBC.ELECTROLYTES_Trans_Count|HBC.ELECTROLYTES_Sale_Net_Value,1
HBC.ELECTROLYTES_Trans_Count|HBC.ELECTROLYTES_Evening,1
HBC.ELECTROLYTES_Basket_Size|HBC.ELECTROLYTES_Ticket_Size,1
HBC.ELECTROLYTES_Basket_Size|MEAT.CANNED_Ticket_Size,1
HBC.ELECTROLYTES_Basket_Size|MISCELLANEOUS_Basket_Size,1
HBC.ELECTROLYTES_Sale_Net_Value|HBC.ELECTROLYTES_Sale_Total_Qty,1
HBC.ELECTROLYTES_Sale_Net_Value|HBC.ELECTROLYTES_Trans_Count,1
HBC.ELECTROLYTES_Ticket_Size|HBC.ELECTROLYTES_Basket_Size,1
HBC.ELECTROLYTES_Ticket_Size|MEAT.CANNED_Ticket_Size,1
HBC.ELECTROLYTES_Ticket_Size|MISCELLANEOUS_Basket_Size,1
HBC.ELECTROLYTES_Morning|ICE CREAM_Basket_Size,1
HBC.ELECTROLYTES_Afternoon|SERVICE DELI MAJOR CAT_Afternoon,1
HBC.ELECTROLYTES_Evening|HBC.ELECTROLYTES_Trans_Count,1
HBC.HAIR CARE_Sale_Total_Qty|HBC.HAIR CARE_Trans_Count,1
HBC.HAIR CARE_Sale_Total_Qty|HBC.HAIR CARE_Sale_Net_Value,1
HBC.HAIR CARE_Sale_Total_Qty|HBC.HAIR CARE_Morning,1
HBC.HAIR CARE_Trans_Count|HBC.HAIR CARE_Sale_Total_Qty,1
HBC.HAIR CARE_Trans_Count|HBC.HAIR CARE_Morning,1
HBC.HAIR CARE_Basket_Size|HBC.HAIR CARE_Ticket_Size,1
HBC.HAIR CARE_Basket_Size|PEANUT BUTTER_Basket_Size,1
HBC.HAIR CARE_Basket_Size|SOAP BAR_Ticket_Size,1
HBC.HAIR CARE_Sale_Net_Value|HBC.HAIR CARE_Ticket_Size,1
HBC.HAIR CARE_Morning|PAPER TOWELS_Morning,1
HBC.HAIR CARE_Afternoon|MEAT BEEF_Afternoon,1
HBC.HAIR CARE_Evening|BEANS.CANNED_Evening,1
HBC.HAIR CARE_Night|HBC TOOTHPASTE_Night,1
HBC TOOTHPASTE_Sale_Total_Qty|HBC TOOTHPASTE_Trans_Count,1
HBC TOOTHPASTE_Trans_Count|HBC TOOTHPASTE_Sale_Total_Qty,1
HBC TOOTHPASTE_Trans_Count|HBC TOOTHPASTE_Morning,1
HBC TOOTHPASTE_Trans_Count|HBC TOOTHPASTE_Afternoon,1
HBC TOOTHPASTE_Basket_Size|COOKING SAUCE_Evening,1
HBC TOOTHPASTE_Sale_Net_Value|HBC TOOTHPASTE_Evening,1
HBC TOOTHPASTE_Ticket_Size|MonthDay,1
HBC TOOTHPASTE_Ticket_Size|COOKING OIL_Ticket_Size,1
HBC TOOTHPASTE_Afternoon|HBC TOOTHPASTE_Trans_Count,1
HBC TOOTHPASTE_Afternoon|HBC TOOTHPASTE_Morning,1
HBC TOOTHPASTE_Evening|MEAT PORK_Ticket_Size,1
HBC TOOTHPASTE_Evening|PAPER TOWELS_Evening,1
HBC TOOTHPASTE_Night|SOAP BAR_Night,1
HOMINY_Sale_Total_Qty|HOMINY_Trans_Count,1
HOMINY_Sale_Total_Qty|HOMINY_Sale_Net_Value,1
HOMINY_Trans_Count|HOMINY_Sale_Total_Qty,1
HOMINY_Trans_Count|HOMINY_Morning,1
HOMINY_Trans_Count|HOMINY_Afternoon,1
HOMINY_Basket_Size|SAUCE_Basket_Size,1
HOMINY_Sale_Net_Value|HOMINY_Sale_Total_Qty,1
HOMINY_Ticket_Size|HOMINY_Basket_Size,1
HOMINY_Morning|MEAT PORK_Morning,1
HOMINY_Afternoon|HOMINY_Evening,1
HOMINY_Evening|HOMINY_Night,1
HOMINY_Evening|SPICES.SEASONING_Evening,1
HOMINY_Night|PLATES_Night,1
HOMINY_Night|SPICES.SEASONING_Evening,1
HOMINY_Night|SPICES.SEASONING_Night,1
ICE CREAM_Sale_Total_Qty|ICE CREAM_Basket_Size,1
ICE CREAM_Trans_Count|ICE CREAM_Sale_Total_Qty,1
ICE CREAM_Trans_Count|ICE CREAM_Sale_Net_Value,1
ICE CREAM_Trans_Count|ICE CREAM_Night,1
ICE CREAM_Sale_Net_Value|SPICES.SEASONING_Ticket_Size,1
ICE CREAM_Ticket_Size|MAYONNAISE . SPREADS_Ticket_Size,1
ICE CREAM_Ticket_Size|MILK_Ticket_Size,1
ICE CREAM_Ticket_Size|SALTY SNACKS_Ticket_Size,1
ICE CREAM_Morning|ICE CREAM_Trans_Count,1
ICE CREAM_Afternoon|ICE CREAM_Trans_Count,1
ICE CREAM_Evening|ICE CREAM_Trans_Count,1
ICE POPS_Sale_Total_Qty|ICE POPS_Trans_Count,1
ICE POPS_Sale_Total_Qty|ICE POPS_Sale_Net_Value,1
ICE POPS_Trans_Count|ICE POPS_Sale_Total_Qty,1
ICE POPS_Trans_Count|ICE POPS_Morning,1
ICE POPS_Basket_Size|ICE POPS_Ticket_Size,1
ICE POPS_Basket_Size|MEAT PORK_Ticket_Size,1
ICE POPS_Sale_Net_Value|ICE POPS_Sale_Total_Qty,1
ICE POPS_Sale_Net_Value|ICE POPS_Ticket_Size,1
ICE POPS_Morning|ICE POPS_Night,1
ICE POPS_Afternoon|ICE POPS_Morning,1
ICE POPS_Afternoon|ICE POPS_Night,1
ICE POPS_Evening|ICE POPS_Morning,1
ICE POPS_Evening|ICE POPS_Afternoon,1
JAMS.JELLIES_Sale_Total_Qty|JAMS.JELLIES_Trans_Count,1
JAMS.JELLIES_Sale_Total_Qty|JAMS.JELLIES_Sale_Net_Value,1
JAMS.JELLIES_Trans_Count|JAMS.JELLIES_Sale_Total_Qty,1
JAMS.JELLIES_Basket_Size|JAMS.JELLIES_Ticket_Size,1
JAMS.JELLIES_Basket_Size|PLATES_Basket_Size,1
JAMS.JELLIES_Basket_Size|SERVICE DELI.MAJOR CATEGORY_Basket_Size,1
JAMS.JELLIES_Sale_Net_Value|JAMS.JELLIES_Ticket_Size,1
JAMS.JELLIES_Ticket_Size|Sports_Day,1
JAMS.JELLIES_Morning|PEANUT BUTTER_Morning,1
JAMS.JELLIES_Morning|TOMATOES_Morning,1
JAMS.JELLIES_Night|CEREAL_Night,1
JUICE_Sale_Total_Qty|JUICE_Basket_Size,1
JUICE_Trans_Count|JUICE_Sale_Total_Qty,1
JUICE_Trans_Count|JUICE_Evening,1
JUICE_Trans_Count|JUICE_Night,1
JUICE_Basket_Size|PAPER TOWELS_Basket_Size,1
JUICE_Sale_Net_Value|JUICE_Trans_Count,1
JUICE_Ticket_Size|ICE CREAM_Ticket_Size,1
JUICE_Morning|JUICE_Evening,1
JUICE_Afternoon|CRV.CRV_Afternoon,1
JUICE_Afternoon|JUICE_Trans_Count,1
JUICE_Night|CRV.CRV_Night,1
MAYONNAISE . SPREADS_Sale_Total_Qty|MAYONNAISE . SPREADS_Trans_Count,1
MAYONNAISE . SPREADS_Trans_Count|MAYONNAISE . SPREADS_Sale_Total_Qty,1
MAYONNAISE . SPREADS_Trans_Count|MAYONNAISE . SPREADS_Morning,1
MAYONNAISE . SPREADS_Trans_Count|MAYONNAISE . SPREADS_Afternoon,1
MAYONNAISE . SPREADS_Basket_Size|MAYONNAISE . SPREADS_Ticket_Size,1
MAYONNAISE . SPREADS_Morning|SALTY SNACKS_Morning,1
MAYONNAISE . SPREADS_Afternoon|TORTILLAS_Afternoon,1
MAYONNAISE . SPREADS_Evening|PEPPERS.CANNED_Evening,1
MAYONNAISE . SPREADS_Evening|TORTILLAS_Evening,1
MAYONNAISE . SPREADS_Evening|TORTILLERIA.TORTILLERIA_Evening,1
MAYONNAISE . SPREADS_Evening|VEGETABLES_Evening,1
MAYONNAISE . SPREADS_Night|PASTA_Night,1
MAYONNAISE . SPREADS_Night|PEPPERS.CANNED_Night,1
MAYONNAISE . SPREADS_Night|VEGETABLES_Night,1
MEAT.CANNED_Sale_Total_Qty|MEAT.CANNED_Trans_Count,1
MEAT.CANNED_Sale_Total_Qty|MEAT.CANNED_Sale_Net_Value,1
MEAT.CANNED_Trans_Count|MEAT.CANNED_Sale_Total_Qty,1
MEAT.CANNED_Trans_Count|MEAT.CANNED_Afternoon,1
MEAT.CANNED_Basket_Size|MEAT.CANNED_Ticket_Size,1
MEAT.CANNED_Sale_Net_Value|MEAT.CANNED_Ticket_Size,1
MEAT.CANNED_Morning|MEAT.CANNED_Evening,1
MEAT.CANNED_Night|SEAFOOD_Night,1
MEAT BEEF_Sale_Total_Qty|MEAT BEEF_Trans_Count,1
MEAT BEEF_Sale_Total_Qty|MEAT BEEF_Sale_Net_Value,1
MEAT BEEF_Trans_Count|MEAT BEEF_Sale_Total_Qty,1
MEAT BEEF_Trans_Count|MEAT BEEF_Morning,1
MEAT BEEF_Trans_Count|MEAT BEEF_Afternoon,1
MEAT BEEF_Trans_Count|MEAT BEEF_Evening,1
MEAT BEEF_Basket_Size|MEAT BEEF_Ticket_Size,1
MEAT BEEF_Basket_Size|MEAT CHEESE. CREAM. ATES. AND HAM   _Evening,1
MEAT BEEF_Basket_Size|MEAT POULTRY_Basket_Size,1
MEAT BEEF_Basket_Size|TORTILLERIA.TORTILLERIA_Ticket_Size,1
MEAT BEEF_Sale_Net_Value|MEAT BEEF_Sale_Total_Qty,1
MEAT BEEF_Sale_Net_Value|TORTILLERIA.TORTILLERIA_Trans_Count,1
MEAT BEEF_Ticket_Size|MEAT CHEESE. CREAM. ATES. AND HAM   _Ticket_Size,1
MEAT BEEF_Ticket_Size|MEAT POULTRY_Ticket_Size,1
MEAT BEEF_Morning|MEAT POULTRY_Morning,1
MEAT BEEF_Morning|MILK_Morning,1
MEAT BEEF_Morning|RICE_Morning,1
MEAT BEEF_Morning|TORTILLAS_Morning,1
MEAT BEEF_Afternoon|MEAT PORK_Afternoon,1
MEAT BEEF_Afternoon|MEAT POULTRY_Afternoon,1
MEAT BEEF_Afternoon|PAPER TOWELS_Afternoon,1
MEAT BEEF_Afternoon|RAMEN_Afternoon,1
MEAT BEEF_Afternoon|SAUCE_Afternoon,1
MEAT BEEF_Evening|MEAT POULTRY_Evening,1
MEAT BEEF_Night|MEAT PORK_Night,1
MEAT BEEF_Night|SALTY SNACKS_Night,1
MEAT BEEF_Night|TORTILLERIA.TORTILLERIA_Night,1
MEAT CHEESE. CREAM. ATES. AND HAM   _Sale_Total_Qty|MEAT CHEESE. CREAM. ATES. AND HAM   _Trans_Count,1
MEAT CHEESE. CREAM. ATES. AND HAM   _Sale_Total_Qty|MEAT CHEESE. CREAM. ATES. AND HAM   _Sale_Net_Value,1
MEAT CHEESE. CREAM. ATES. AND HAM   _Trans_Count|MEAT CHEESE. CREAM. ATES. AND HAM   _Afternoon,1
MEAT CHEESE. CREAM. ATES. AND HAM   _Trans_Count|MEAT CHEESE. CREAM. ATES. AND HAM   _Evening,1
MEAT CHEESE. CREAM. ATES. AND HAM   _Trans_Count|MEAT CHEESE. CREAM. ATES. AND HAM   _Night,1
MEAT CHEESE. CREAM. ATES. AND HAM   _Basket_Size|Is.Friday,1
MEAT CHEESE. CREAM. ATES. AND HAM   _Basket_Size|MEAT CHEESE. CREAM. ATES. AND HAM   _Ticket_Size,1
MEAT CHEESE. CREAM. ATES. AND HAM   _Sale_Net_Value|MEAT CHEESE. CREAM. ATES. AND HAM   _Sale_Total_Qty,1
MEAT CHEESE. CREAM. ATES. AND HAM   _Sale_Net_Value|MEAT CHEESE. CREAM. ATES. AND HAM   _Trans_Count,1
MEAT CHEESE. CREAM. ATES. AND HAM   _Ticket_Size|PEPPERS.CANNED_Ticket_Size,1
MEAT CHEESE. CREAM. ATES. AND HAM   _Morning|MEAT POULTRY_Morning,1
MEAT CHEESE. CREAM. ATES. AND HAM   _Morning|TORTILLAS_Morning,1
MEAT CHEESE. CREAM. ATES. AND HAM   _Afternoon|MEAT POULTRY_Afternoon,1
MEAT CHEESE. CREAM. ATES. AND HAM   _Evening|PEPPERS.CANNED_Evening,1
MEAT CHEESE. CREAM. ATES. AND HAM   _Evening|TORTILLAS_Evening,1
MEAT CHEESE. CREAM. ATES. AND HAM   _Night|MILK_Night,1
MEAT CHEESE. CREAM. ATES. AND HAM   _Night|SEAFOOD_Night,1
MEAT PORK_Sale_Total_Qty|MEAT PORK_Basket_Size,1
MEAT PORK_Sale_Total_Qty|MEAT PORK_Morning,1
MEAT PORK_Trans_Count|MEAT PORK_Afternoon,1
MEAT PORK_Trans_Count|MEAT PORK_Evening,1
MEAT PORK_Trans_Count|MEAT PORK_Night,1
MEAT PORK_Basket_Size|MEAT PORK_Ticket_Size,1
MEAT PORK_Basket_Size|MEAT POULTRY_Basket_Size,1
MEAT PORK_Sale_Net_Value|MEAT PORK_Sale_Total_Qty,1
MEAT PORK_Ticket_Size|MEAT POULTRY_Ticket_Size,1
MEAT PORK_Morning|MEAT POULTRY_Morning,1
MEAT PORK_Morning|MILK_Morning,1
MEAT PORK_Morning|TORTILLERIA.TORTILLERIA_Morning,1
MEAT PORK_Afternoon|MILK_Afternoon,1
MEAT PORK_Evening|MEAT POULTRY_Evening,1
MEAT PORK_Evening|TORTILLERIA.TORTILLERIA_Evening,1
MEAT POULTRY_Trans_Count|MEAT POULTRY_Sale_Net_Value,1
MEAT POULTRY_Trans_Count|MEAT POULTRY_Morning,1
MEAT POULTRY_Trans_Count|MEAT POULTRY_Afternoon,1
MEAT POULTRY_Trans_Count|MEAT POULTRY_Evening,1
MEAT POULTRY_Basket_Size|MEAT POULTRY_Ticket_Size,1
MEAT POULTRY_Sale_Net_Value|MEAT POULTRY_Sale_Total_Qty,1
MEAT POULTRY_Sale_Net_Value|SALT_Trans_Count,1
MEAT POULTRY_Evening|SAUCE_Evening,1
MEAT POULTRY_Night|MEAT BEEF_Night,1
MEAT POULTRY_Night|MEAT PORK_Night,1
MEAT POULTRY_Night|NAPKINS_Night,1
MEAT POULTRY_Night|PAPER TOWELS_Night,1
MEAT POULTRY_Night|RICE_Night,1
MILK_Sale_Total_Qty|DELI CHEESE_Sale_Net_Value,1
MILK_Sale_Total_Qty|MILK_Trans_Count,1
MILK_Sale_Total_Qty|MILK_Sale_Net_Value,1
MILK_Trans_Count|MILK_Sale_Total_Qty,1
MILK_Trans_Count|MILK_Afternoon,1
MILK_Basket_Size|MILK_Ticket_Size,1
MILK_Sale_Net_Value|CEREAL_Sale_Net_Value,1
MILK_Sale_Net_Value|MILK_Sale_Total_Qty,1
MILK_Ticket_Size|PEPPERS.CANNED_Ticket_Size,1
MILK_Morning|PAPER TOWELS_Morning,1
MILK_Morning|SUGAR_Morning,1
MILK_Morning|VEGETABLES_Morning,1
MILK_Afternoon|SUGAR_Afternoon,1
MILK_Evening|PEANUT BUTTER_Evening,1
MILK_Evening|SALTY SNACKS_Evening,1
MILK_Evening|SUGAR_Evening,1
MILK_Night|PEANUT BUTTER_Night,1
MILK_Night|TORTILLAS_Night,1
MISCELLANEOUS_Sale_Total_Qty|MISCELLANEOUS_Basket_Size,1
MISCELLANEOUS_Sale_Total_Qty|MISCELLANEOUS_Sale_Net_Value,1
MISCELLANEOUS_Sale_Net_Value|MISCELLANEOUS_Evening,1
MISCELLANEOUS_Ticket_Size|MISCELLANEOUS_Sale_Net_Value,1
MISCELLANEOUS_Morning|MISCELLANEOUS_Trans_Count,1
MISCELLANEOUS_Morning|MISCELLANEOUS_Afternoon,1
MISCELLANEOUS_Afternoon|MISCELLANEOUS_Trans_Count,1
MISCELLANEOUS_Afternoon|MISCELLANEOUS_Evening,1
MISCELLANEOUS_Evening|MISCELLANEOUS_Trans_Count,1
MISCELLANEOUS_Night|MISCELLANEOUS_Trans_Count,1
MISCELLANEOUS_Night|MISCELLANEOUS_Afternoon,1
NAPKINS_Sale_Total_Qty|NAPKINS_Trans_Count,1
NAPKINS_Sale_Total_Qty|NAPKINS_Sale_Net_Value,1
NAPKINS_Trans_Count|NAPKINS_Sale_Total_Qty,1
NAPKINS_Trans_Count|NAPKINS_Morning,1
NAPKINS_Trans_Count|NAPKINS_Afternoon,1
NAPKINS_Basket_Size|NAPKINS_Ticket_Size,1
NAPKINS_Basket_Size|PLATES_Basket_Size,1
NAPKINS_Sale_Net_Value|NAPKINS_Ticket_Size,1
NAPKINS_Ticket_Size|PEPPERS.CANNED_Basket_Size,1
NAPKINS_Morning|NAPKINS_Afternoon,1
NAPKINS_Morning|PLATES_Morning,1
NAPKINS_Afternoon|NAPKINS_Evening,1
NAPKINS_Afternoon|PLATES_Afternoon,1
NAPKINS_Evening|PLATES_Evening,1
NAPKINS_Evening|SALT_Evening,1
NAPKINS_Evening|SAUCE_Evening,1
NAPKINS_Night|PAPER TOWELS_Night,1
NAPKINS_Night|PLATES_Night,1
NAPKINS_Night|TORTILLERIA.TORTILLERIA_Night,1
NECTARS_Sale_Total_Qty|NECTARS_Trans_Count,1
NECTARS_Sale_Total_Qty|NECTARS_Sale_Net_Value,1
NECTARS_Trans_Count|NECTARS_Sale_Total_Qty,1
NECTARS_Trans_Count|NECTARS_Morning,1
NECTARS_Trans_Count|NECTARS_Afternoon,1
NECTARS_Trans_Count|NECTARS_Evening,1
NECTARS_Basket_Size|PASTA_Basket_Size,1
NECTARS_Sale_Net_Value|NECTARS_Sale_Total_Qty,1
NECTARS_Ticket_Size|NECTARS_Basket_Size,1
NECTARS_Night|CRV.CRV_Night,1
NECTARS_Night|SOAP BAR_Night,1
PAPER TOWELS_Sale_Total_Qty|PAPER TOWELS_Trans_Count,1
PAPER TOWELS_Sale_Total_Qty|PAPER TOWELS_Sale_Net_Value,1
PAPER TOWELS_Trans_Count|PAPER TOWELS_Sale_Total_Qty,1
PAPER TOWELS_Trans_Count|PAPER TOWELS_Afternoon,1
PAPER TOWELS_Trans_Count|PAPER TOWELS_Evening,1
PAPER TOWELS_Basket_Size|PAPER TOWELS_Ticket_Size,1
PAPER TOWELS_Basket_Size|TOILET TISSUE_Basket_Size,1
PAPER TOWELS_Sale_Net_Value|PAPER TOWELS_Ticket_Size,1
PAPER TOWELS_Morning|SOAP BAR_Morning,1
PAPER TOWELS_Morning|TOILET TISSUE_Morning,1
PAPER TOWELS_Afternoon|TOILET TISSUE_Afternoon,1
PAPER TOWELS_Evening|TOILET TISSUE_Evening,1
PAPER TOWELS_Night|TOILET TISSUE_Night,1
PAPER TOWELS_Night|TORTILLAS_Night,1
PASTA_Trans_Count|PASTA_Sale_Total_Qty,1
PASTA_Trans_Count|PASTA_Ticket_Size,1
PASTA_Trans_Count|PASTA_Evening,1
PASTA_Basket_Size|PASTA_Ticket_Size,1
PASTA_Sale_Net_Value|PASTA_Trans_Count,1
PASTA_Morning|TOMATOES_Morning,1
PASTA_Morning|VEGETABLES_Morning,1
PASTA_Afternoon|TOMATOES_Afternoon,1
PASTA_Evening|SUGAR_Evening,1
PASTA_Evening|TOMATOES_Evening,1
PASTA_Night|TOMATOES_Night,1
PEANUT BUTTER_Sale_Total_Qty|PEANUT BUTTER_Trans_Count,1
PEANUT BUTTER_Sale_Total_Qty|PEANUT BUTTER_Sale_Net_Value,1
PEANUT BUTTER_Sale_Total_Qty|PEANUT BUTTER_Afternoon,1
PEANUT BUTTER_Trans_Count|PEANUT BUTTER_Sale_Total_Qty,1
PEANUT BUTTER_Trans_Count|PEANUT BUTTER_Afternoon,1
PEANUT BUTTER_Basket_Size|PEANUT BUTTER_Ticket_Size,1
PEANUT BUTTER_Basket_Size|SALT_Ticket_Size,1
PEANUT BUTTER_Sale_Net_Value|PEANUT BUTTER_Ticket_Size,1
PEANUT BUTTER_Afternoon|PEANUT BUTTER_Sale_Total_Qty,1
PEANUT BUTTER_Afternoon|PEANUT BUTTER_Trans_Count,1
PEPPERS.CANNED_Trans_Count|PEPPERS.CANNED_Sale_Total_Qty,1
PEPPERS.CANNED_Trans_Count|PEPPERS.CANNED_Sale_Net_Value,1
PEPPERS.CANNED_Basket_Size|PEPPERS.CANNED_Ticket_Size,1
PEPPERS.CANNED_Sale_Net_Value|PEPPERS.CANNED_Ticket_Size,1
PEPPERS.CANNED_Ticket_Size|TORTILLERIA.TORTILLERIA_Basket_Size,1
PEPPERS.CANNED_Morning|COOKING OIL_Morning,1
PEPPERS.CANNED_Morning|MEAT CHEESE. CREAM. ATES. AND HAM   _Morning,1
PEPPERS.CANNED_Morning|TORTILLAS_Morning,1
PEPPERS.CANNED_Afternoon|PEPPERS.CANNED_Trans_Count,1
PEPPERS.CANNED_Evening|SALT_Evening,1
PEPPERS.CANNED_Evening|TORTILLERIA.TORTILLERIA_Evening,1
PEPPERS.CANNED_Evening|VEGETABLES_Evening,1
PEPPERS.CANNED_Night|SEAFOOD_Night,1
PEPPERS.CANNED_Night|TOILET TISSUE_Night,1
PEPPERS.CANNED_Night|TORTILLERIA.TORTILLERIA_Night,1
PEPPERS.CANNED_Night|VEGETABLES_Night,1
PLATES_Sale_Total_Qty|PLATES_Trans_Count,1
PLATES_Sale_Total_Qty|PLATES_Sale_Net_Value,1
PLATES_Trans_Count|PLATES_Sale_Total_Qty,1
PLATES_Trans_Count|PLATES_Morning,1
PLATES_Trans_Count|PLATES_Afternoon,1
PLATES_Basket_Size|PLATES_Ticket_Size,1
PLATES_Basket_Size|TOILET TISSUE_Basket_Size,1
PLATES_Sale_Net_Value|PLATES_Evening,1
PLATES_Sale_Net_Value|UTENSILS_Sale_Net_Value,1
PLATES_Morning|TORTILLERIA.TORTILLERIA_Morning,1
PLATES_Morning|UTENSILS_Morning,1
PLATES_Afternoon|UTENSILS_Afternoon,1
PLATES_Evening|CUPS_Evening,1
PLATES_Night|CUPS_Night,1
PLATES_Night|UTENSILS_Night,1
PORK SKINS_Sale_Total_Qty|PORK SKINS_Trans_Count,1
PORK SKINS_Trans_Count|PORK SKINS_Sale_Total_Qty,1
PORK SKINS_Trans_Count|PORK SKINS_Afternoon,1
PORK SKINS_Sale_Net_Value|PORK SKINS_Ticket_Size,1
PORK SKINS_Sale_Net_Value|PORK SKINS_Evening,1
PORK SKINS_Ticket_Size|PORK SKINS_Evening,1
PORK SKINS_Ticket_Size|SEAFOOD_Basket_Size,1
PORK SKINS_Afternoon|PORK SKINS_Trans_Count,1
PORK SKINS_Evening|SNACKS_Evening,1
PORK SKINS_Night|COOKIES.CRACKERS_Night,1
RAMEN_Sale_Total_Qty|RAMEN_Basket_Size,1
RAMEN_Trans_Count|RAMEN_Sale_Total_Qty,1
RAMEN_Trans_Count|RAMEN_Sale_Net_Value,1
RAMEN_Trans_Count|RAMEN_Afternoon,1
RAMEN_Basket_Size|RAMEN_Ticket_Size,1
RAMEN_Sale_Net_Value|RAMEN_Ticket_Size,1
RAMEN_Evening|RAMEN_Trans_Count,1
RAMEN_Night|TOMATOES_Night,1
RICE_Sale_Total_Qty|RICE_Trans_Count,1
RICE_Trans_Count|RICE_Sale_Total_Qty,1
RICE_Trans_Count|RICE_Sale_Net_Value,1
RICE_Trans_Count|RICE_Morning,1
RICE_Trans_Count|RICE_Afternoon,1
RICE_Basket_Size|RICE_Ticket_Size,1
RICE_Sale_Net_Value|RICE_Ticket_Size,1
RICE_Morning|TOMATOES_Morning,1
RICE_Afternoon|RICE_Evening,1
RICE_Night|SPICES.SEASONING_Night,1
RICE_Night|TOMATOES_Night,1
SALT_Sale_Total_Qty|SALT_Basket_Size,1
SALT_Sale_Total_Qty|SALT_Sale_Net_Value,1
SALT_Trans_Count|SALT_Sale_Total_Qty,1
SALT_Trans_Count|SALT_Sale_Net_Value,1
SALT_Trans_Count|SALT_Afternoon,1
SALT_Trans_Count|SALT_Night,1
SALT_Basket_Size|SALT_Ticket_Size,1
SALT_Sale_Net_Value|SALT_Ticket_Size,1
SALT_Morning|SUGAR_Morning,1
SALT_Evening|VEGETABLES_Evening,1
SALT_Night|SAUCE_Night,1
SALTY SNACKS_Sale_Total_Qty|SALTY SNACKS_Trans_Count,1
SALTY SNACKS_Trans_Count|SALTY SNACKS_Sale_Total_Qty,1
SALTY SNACKS_Trans_Count|SALTY SNACKS_Sale_Net_Value,1
SALTY SNACKS_Trans_Count|SALTY SNACKS_Evening,1
SALTY SNACKS_Ticket_Size|SUGAR_Ticket_Size,1
SALTY SNACKS_Morning|SAUCE_Morning,1
SALTY SNACKS_Morning|SNACKS_Morning,1
SALTY SNACKS_Morning|TORTILLAS_Morning,1
SALTY SNACKS_Morning|TORTILLERIA.TORTILLERIA_Morning,1
SALTY SNACKS_Morning|UTENSILS_Morning,1
SALTY SNACKS_Afternoon|TORTILLERIA.TORTILLERIA_Afternoon,1
SALTY SNACKS_Night|SAUCE_Night,1
SALTY SNACKS_Night|TORTILLAS_Night,1
SAUCE_Sale_Total_Qty|SAUCE_Sale_Net_Value,1
SAUCE_Trans_Count|SAUCE_Sale_Total_Qty,1
SAUCE_Trans_Count|SAUCE_Morning,1
SAUCE_Trans_Count|SAUCE_Afternoon,1
SAUCE_Basket_Size|SAUCE_Ticket_Size,1
SAUCE_Sale_Net_Value|SAUCE_Ticket_Size,1
SAUCE_Sale_Net_Value|SPICES.SEASONING_Sale_Net_Value,1
SAUCE_Evening|TORTILLAS_Evening,1
SAUCE_Night|SPICES.SEASONING_Night,1
SAUCE_Night|SUGAR_Night,1
SAUCE_Night|TORTILLAS_Night,1
SAUCE_Night|TORTILLERIA.TORTILLERIA_Night,1
SEAFOOD_Sale_Total_Qty|SEAFOOD_Trans_Count,1
SEAFOOD_Sale_Total_Qty|SEAFOOD_Sale_Net_Value,1
SEAFOOD_Trans_Count|SEAFOOD_Sale_Total_Qty,1
SEAFOOD_Trans_Count|SEAFOOD_Morning,1
SEAFOOD_Trans_Count|SEAFOOD_Afternoon,1
SEAFOOD_Trans_Count|SEAFOOD_Evening,1
SEAFOOD_Trans_Count|SEAFOOD_Night,1
SEAFOOD_Sale_Net_Value|SEAFOOD_Sale_Total_Qty,1
SEAFOOD_Ticket_Size|SEAFOOD_Basket_Size,1
SEAFOOD_Morning|TOMATOES_Morning,1
SEAFOOD_Afternoon|TORTILLAS_Afternoon,1
SEAFOOD_Evening|TORTILLAS_Evening,1
SEAFOOD_Evening|VEGETABLES_Evening,1
SEAFOOD_Night|VEGETABLES_Night,1
SERVICE DELI.MAJOR CATEGORY_Sale_Total_Qty|SERVICE DELI.MAJOR CATEGORY_Trans_Count,1
SERVICE DELI.MAJOR CATEGORY_Trans_Count|SERVICE DELI.MAJOR CATEGORY_Sale_Total_Qty,1
SERVICE DELI.MAJOR CATEGORY_Trans_Count|SERVICE DELI.MAJOR CATEGORY_Morning,1
SERVICE DELI.MAJOR CATEGORY_Trans_Count|SERVICE DELI.MAJOR CATEGORY_Afternoon,1
SERVICE DELI.MAJOR CATEGORY_Basket_Size|SERVICE DELI.MAJOR CATEGORY_Sale_Net_Value,1
SERVICE DELI.MAJOR CATEGORY_Basket_Size|SERVICE DELI MAJOR CAT_Basket_Size,1
SERVICE DELI.MAJOR CATEGORY_Sale_Net_Value|SERVICE DELI.MAJOR CATEGORY_Afternoon,1
SERVICE DELI.MAJOR CATEGORY_Sale_Net_Value|SERVICE DELI.MAJOR CATEGORY_Evening,1
SERVICE DELI.MAJOR CATEGORY_Ticket_Size|SERVICE DELI.MAJOR CATEGORY_Basket_Size,1
SERVICE DELI.MAJOR CATEGORY_Morning|SERVICE DELI MAJOR CAT_Morning,1
SERVICE DELI.MAJOR CATEGORY_Afternoon|SERVICE DELI.MAJOR CATEGORY_Morning,1
SERVICE DELI.MAJOR CATEGORY_Evening|SERVICE DELI MAJOR CAT_Evening,1
SERVICE DELI.MAJOR CATEGORY_Evening|TORTILLERIA.TORTILLERIA_Evening,1
SERVICE DELI.MAJOR CATEGORY_Night|SERVICE DELI MAJOR CAT_Night,1
SERVICE DELI.MAJOR CATEGORY_Night|SNACKS_Morning,1
SERVICE DELI.MAJOR CATEGORY_Night|TORTILLERIA.TORTILLERIA_Night,1
SERVICE DELI MAJOR CAT_Sale_Total_Qty|SERVICE DELI MAJOR CAT_Basket_Size,1
SERVICE DELI MAJOR CAT_Sale_Total_Qty|SERVICE DELI MAJOR CAT_Sale_Net_Value,1
SERVICE DELI MAJOR CAT_Trans_Count|SERVICE DELI MAJOR CAT_Sale_Net_Value,1
SERVICE DELI MAJOR CAT_Trans_Count|SERVICE DELI MAJOR CAT_Morning,1
SERVICE DELI MAJOR CAT_Trans_Count|SERVICE DELI MAJOR CAT_Afternoon,1
SERVICE DELI MAJOR CAT_Trans_Count|SERVICE DELI MAJOR CAT_Evening,1
SERVICE DELI MAJOR CAT_Trans_Count|SERVICE DELI MAJOR CAT_Night,1
SERVICE DELI MAJOR CAT_Ticket_Size|SERVICE DELI MAJOR CAT_Basket_Size,1
SERVICE DELI MAJOR CAT_Ticket_Size|SERVICE DELI MAJOR CAT_Sale_Net_Value,1
SNACKS_Trans_Count|SNACKS_Sale_Total_Qty,1
SNACKS_Trans_Count|SNACKS_Sale_Net_Value,1
SNACKS_Trans_Count|SNACKS_Morning,1
SNACKS_Trans_Count|SNACKS_Afternoon,1
SNACKS_Trans_Count|SNACKS_Evening,1
SNACKS_Basket_Size|SNACKS_Sale_Total_Qty,1
SNACKS_Sale_Net_Value|SPICES.SEASONING_Sale_Net_Value,1
SNACKS_Ticket_Size|SNACKS_Sale_Net_Value,1
SNACKS_Evening|TORTILLAS_Evening,1
SNACKS_Night|CANDY_Night,1
SOAP BAR_Sale_Total_Qty|SOAP BAR_Trans_Count,1
SOAP BAR_Sale_Total_Qty|SOAP BAR_Sale_Net_Value,1
SOAP BAR_Trans_Count|SOAP BAR_Sale_Total_Qty,1
SOAP BAR_Trans_Count|SOAP BAR_Afternoon,1
SOAP BAR_Basket_Size|SOAP BAR_Ticket_Size,1
SOAP BAR_Sale_Net_Value|SOAP BAR_Ticket_Size,1
SOAP BAR_Afternoon|TORTILLAS_Afternoon,1
SOAP BAR_Evening|TOMATOES_Evening,1
SPICES.SEASONING_Sale_Total_Qty|SPICES.SEASONING_Trans_Count,1
SPICES.SEASONING_Sale_Total_Qty|SPICES.SEASONING_Sale_Net_Value,1
SPICES.SEASONING_Trans_Count|SPICES.SEASONING_Sale_Total_Qty,1
SPICES.SEASONING_Trans_Count|SPICES.SEASONING_Afternoon,1
SPICES.SEASONING_Basket_Size|SPICES.SEASONING_Ticket_Size,1
SPICES.SEASONING_Afternoon|SPICES.SEASONING_Evening,1
SPICES.SEASONING_Evening|SPICES.SEASONING_Night,1
SPICES.SEASONING_Evening|TORTILLERIA.TORTILLERIA_Evening,1
SPICES.SEASONING_Night|TORTILLERIA.TORTILLERIA_Night,1
SPORT DRINKS_Sale_Total_Qty|SPORT DRINKS_Trans_Count,1
SPORT DRINKS_Sale_Total_Qty|SPORT DRINKS_Basket_Size,1
SPORT DRINKS_Sale_Total_Qty|SPORT DRINKS_Sale_Net_Value,1
SPORT DRINKS_Trans_Count|SPORT DRINKS_Sale_Net_Value,1
SPORT DRINKS_Trans_Count|SPORT DRINKS_Morning,1
SPORT DRINKS_Trans_Count|SPORT DRINKS_Afternoon,1
SPORT DRINKS_Basket_Size|SPORT DRINKS_Ticket_Size,1
SPORT DRINKS_Basket_Size|TEA_Basket_Size,1
SPORT DRINKS_Afternoon|SPORT DRINKS_Evening,1
SPORT DRINKS_Night|CRV.CRV_Night,1
SPORT DRINKS_Night|SPORT DRINKS_Trans_Count,1
SUGAR_Sale_Total_Qty|SUGAR_Trans_Count,1
SUGAR_Trans_Count|SUGAR_Sale_Total_Qty,1
SUGAR_Basket_Size|PEPPERS.CANNED_Basket_Size,1
SUGAR_Sale_Net_Value|PEPPERS.CANNED_Sale_Net_Value,1
SUGAR_Morning|SUGAR_Afternoon,1
SUGAR_Afternoon|SUGAR_Evening,1
SUGAR_Night|TORTILLAS_Night,1
TEA_Sale_Total_Qty|TEA_Sale_Net_Value,1
TEA_Trans_Count|TEA_Sale_Total_Qty,1
TEA_Trans_Count|TEA_Morning,1
TEA_Trans_Count|TEA_Evening,1
TEA_Basket_Size|TEA_Ticket_Size,1
TEA_Sale_Net_Value|TEA_Ticket_Size,1
TEA_Morning|TEA_Evening,1
TEA_Afternoon|TEA_Trans_Count,1
TEA_Afternoon|TEA_Evening,1
TOILET TISSUE_Sale_Total_Qty|TOILET TISSUE_Trans_Count,1
TOILET TISSUE_Trans_Count|TOILET TISSUE_Sale_Total_Qty,1
TOILET TISSUE_Trans_Count|TOILET TISSUE_Sale_Net_Value,1
TOILET TISSUE_Trans_Count|TOILET TISSUE_Afternoon,1
TOILET TISSUE_Basket_Size|TOILET TISSUE_Ticket_Size,1
TOILET TISSUE_Sale_Net_Value|TOILET TISSUE_Ticket_Size,1
TOILET TISSUE_Morning|TOILET TISSUE_Night,1
TOILET TISSUE_Afternoon|TOILET TISSUE_Evening,1
TOILET TISSUE_Afternoon|TOILET TISSUE_Night,1
TOMATOES_Sale_Total_Qty|TOMATOES_Trans_Count,1
TOMATOES_Sale_Total_Qty|TOMATOES_Sale_Net_Value,1
TOMATOES_Trans_Count|TOMATOES_Sale_Total_Qty,1
TOMATOES_Trans_Count|TOMATOES_Morning,1
TOMATOES_Trans_Count|TOMATOES_Afternoon,1
TOMATOES_Trans_Count|TOMATOES_Evening,1
TOMATOES_Ticket_Size|TOMATOES_Basket_Size,1
TOMATOES_Ticket_Size|TOMATOES_Sale_Net_Value,1
TOMATOES_Evening|TORTILLAS_Evening,1
TOMATOES_Evening|VEGETABLES_Evening,1
TOMATOES_Night|VEGETABLES_Night,1
TORTILLAS_Sale_Total_Qty|TORTILLAS_Trans_Count,1
TORTILLAS_Sale_Total_Qty|TORTILLAS_Sale_Net_Value,1
TORTILLAS_Trans_Count|TORTILLAS_Sale_Total_Qty,1
TORTILLAS_Basket_Size|TORTILLAS_Ticket_Size,1
TORTILLAS_Sale_Net_Value|TORTILLAS_Ticket_Size,1
TORTILLERIA.TORTILLERIA_Sale_Total_Qty|TORTILLERIA.TORTILLERIA_Trans_Count,1
TORTILLERIA.TORTILLERIA_Sale_Total_Qty|TORTILLERIA.TORTILLERIA_Basket_Size,1
TORTILLERIA.TORTILLERIA_Trans_Count|TORTILLERIA.TORTILLERIA_Morning,1
TORTILLERIA.TORTILLERIA_Trans_Count|TORTILLERIA.TORTILLERIA_Afternoon,1
TORTILLERIA.TORTILLERIA_Basket_Size|TORTILLERIA.TORTILLERIA_Ticket_Size,1
TORTILLERIA.TORTILLERIA_Sale_Net_Value|TORTILLERIA.TORTILLERIA_Sale_Total_Qty,1
TORTILLERIA.TORTILLERIA_Sale_Net_Value|TORTILLERIA.TORTILLERIA_Trans_Count,1
TORTILLERIA.TORTILLERIA_Afternoon|SAUCE_Afternoon,1
UTENSILS_Sale_Total_Qty|UTENSILS_Trans_Count,1
UTENSILS_Sale_Total_Qty|UTENSILS_Sale_Net_Value,1
UTENSILS_Trans_Count|UTENSILS_Sale_Total_Qty,1
UTENSILS_Trans_Count|UTENSILS_Afternoon,1
UTENSILS_Basket_Size|UTENSILS_Ticket_Size,1
UTENSILS_Evening|CUPS_Evening,1
UTENSILS_Evening|PLATES_Evening,1
VEGETABLES_Trans_Count|VEGETABLES_Sale_Total_Qty,1
VEGETABLES_Trans_Count|VEGETABLES_Evening,1
VEGETABLES_Sale_Net_Value|VEGETABLES_Sale_Total_Qty,1
VEGETABLES_Sale_Net_Value|VEGETABLES_Trans_Count,1
VEGETABLES_Ticket_Size|VEGETABLES_Basket_Size,1
VEGETABLES_Afternoon|VEGETABLES_Trans_Count,1
WATER_Sale_Total_Qty|WATER_Trans_Count,1
WATER_Sale_Total_Qty|WATER_Sale_Net_Value,1
WATER_Trans_Count|WATER_Morning,1
WATER_Trans_Count|WATER_Afternoon,1
WATER_Trans_Count|WATER_Evening,1
WATER_Trans_Count|WATER_Night,1
WATER_Basket_Size|WATER_Ticket_Size,1
WATER_Sale_Net_Value|WATER_Ticket_Size,1
WATER_Night|BEVERAGE_Night,1
local_Festival_2016|Special.day.2016,1
